frame,t,state,track_id,cx,cy,box_x,box_y,box_w,box_h,conf,num_det,num_tracks
0,0.0000,bytetrack,1,654.6,583.2,594.0,534.9,121.2,96.7,0.428,1,1
1,0.0417,bytetrack,1,654.6,583.2,594.2,535.0,120.9,96.5,0.351,1,1
2,0.0833,bytetrack,1,654.6,583.1,594.7,535.2,119.9,95.9,0.375,1,1
3,0.1250,bytetrack,1,654.7,583.1,594.4,535.0,120.5,96.2,0.345,1,1
4,0.1667,kalman_hold,1,654.7,583.1,594.4,535.0,120.5,96.2,0.345,0,0
5,0.2083,kalman_hold,1,654.7,583.1,594.4,535.0,120.5,96.2,0.345,0,0
6,0.2500,bytetrack,1,654.4,583.0,596.6,538.0,115.7,89.9,0.383,1,1
7,0.2917,bytetrack,1,654.2,582.9,596.0,538.1,116.4,89.7,0.383,1,1
8,0.3333,bytetrack,1,654.1,582.8,595.8,538.1,116.5,89.5,0.398,1,1
9,0.3750,bytetrack,1,654.1,582.8,593.2,535.2,121.8,95.3,0.533,1,1
10,0.4167,bytetrack,1,654.1,582.6,594.2,540.2,119.9,84.7,0.314,1,1
11,0.4583,bytetrack,1,654.1,582.5,594.9,536.8,118.4,91.3,0.264,1,1
12,0.5000,bytetrack,1,654.3,582.3,594.8,539.1,118.9,86.5,0.292,1,1
13,0.5417,bytetrack,1,654.5,582.1,595.4,539.8,118.2,84.7,0.296,1,1
14,0.5833,bytetrack,1,654.8,582.0,592.2,535.4,125.2,93.3,0.376,1,1
15,0.6250,bytetrack,1,654.8,581.9,594.3,540.1,121.1,83.6,0.486,1,1
16,0.6667,bytetrack,1,654.8,581.7,594.3,540.1,121.1,83.2,0.430,1,1
17,0.7083,bytetrack,1,654.9,581.6,595.6,540.3,118.6,82.5,0.424,1,1
18,0.7500,bytetrack,1,655.0,581.4,593.8,540.2,122.5,82.4,0.504,1,1
19,0.7917,bytetrack,1,655.2,581.2,593.9,540.0,122.8,82.6,0.512,1,1
20,0.8333,bytetrack,1,655.3,581.0,593.3,539.4,124.0,83.3,0.547,1,1
21,0.8750,bytetrack,1,655.4,580.9,593.2,538.7,124.5,84.4,0.513,1,1
22,0.9167,bytetrack,1,655.8,580.6,595.5,538.5,120.5,84.2,0.299,1,1
23,0.9583,bytetrack,1,656.1,580.2,596.1,537.3,120.0,85.8,0.283,1,1
24,1.0000,bytetrack,1,656.2,580.1,595.9,537.1,120.5,86.0,0.549,1,1
25,1.0417,bytetrack,1,656.2,580.0,600.1,539.6,112.1,80.8,0.407,1,1
26,1.0833,bytetrack,2,656.5,579.6,596.0,535.8,120.9,87.6,0.349,1,1
27,1.1250,bytetrack,2,656.7,579.2,595.3,534.4,122.8,89.6,0.275,1,1
28,1.1667,bytetrack,2,656.9,578.9,596.9,535.3,120.2,87.2,0.568,1,1
29,1.2083,bytetrack,2,657.1,578.6,597.6,534.9,119.1,87.4,0.549,1,1
30,1.2500,bytetrack,2,657.3,578.3,598.4,534.7,117.7,87.2,0.566,1,1
31,1.2917,bytetrack,2,657.6,577.8,598.4,533.7,118.5,88.2,0.318,1,1
32,1.3333,bytetrack,2,658.0,577.4,598.4,533.0,119.1,88.9,0.397,1,1
33,1.3750,bytetrack,2,658.1,577.1,599.6,533.9,117.0,86.4,0.602,1,1
34,1.4167,bytetrack,2,658.3,576.9,599.3,533.6,118.0,86.6,0.579,1,1
35,1.4583,bytetrack,2,658.5,576.6,600.5,533.6,115.8,86.1,0.513,1,1
36,1.5000,bytetrack,2,658.6,576.3,599.8,532.8,117.6,87.0,0.352,1,1
37,1.5417,bytetrack,2,658.9,575.9,601.0,532.3,115.9,87.1,0.389,1,1
38,1.5833,bytetrack,2,659.1,575.7,600.2,532.2,117.7,86.9,0.492,1,1
39,1.6250,bytetrack,2,659.2,575.5,599.4,532.0,119.6,86.9,0.508,1,1
40,1.6667,bytetrack,2,659.4,575.2,599.8,532.3,119.4,85.8,0.531,1,1
41,1.7083,bytetrack,2,659.8,575.0,598.0,531.3,123.5,87.4,0.298,1,1
42,1.7500,bytetrack,2,660.2,574.7,600.2,531.3,119.9,86.8,0.349,1,1
43,1.7917,bytetrack,2,660.5,574.6,599.3,532.3,122.4,84.6,0.593,1,1
44,1.8333,bytetrack,2,660.8,574.4,601.3,531.4,119.0,86.1,0.539,1,1
45,1.8750,bytetrack,2,661.1,574.2,601.0,530.8,120.2,86.9,0.523,1,1
46,1.9167,bytetrack,2,661.4,574.1,602.1,530.8,118.6,86.5,0.509,1,1
47,1.9583,bytetrack,2,661.6,573.8,601.9,528.8,119.4,90.0,0.489,1,1
48,2.0000,bytetrack,2,662.0,573.5,601.3,528.8,121.3,89.4,0.617,1,1
49,2.0417,bytetrack,2,662.3,573.2,602.0,527.4,120.7,91.8,0.602,1,1
50,2.0833,bytetrack,2,662.6,573.0,602.8,526.1,119.7,93.7,0.486,1,1
51,2.1250,bytetrack,2,662.9,572.8,603.7,526.7,118.5,92.3,0.382,1,1
52,2.1667,bytetrack,2,663.2,572.5,603.7,525.4,119.0,94.2,0.423,1,1
53,2.2083,bytetrack,2,663.4,572.2,603.8,525.4,119.1,93.6,0.327,1,1
54,2.2500,bytetrack,2,663.6,571.9,603.5,524.2,120.1,95.5,0.270,1,1
55,2.2917,bytetrack,2,663.7,571.6,604.1,524.6,119.1,94.0,0.277,1,1
56,2.3333,bytetrack,2,663.8,571.4,603.9,524.4,119.9,94.0,0.321,1,1
57,2.3750,bytetrack,2,664.1,571.2,603.8,525.0,120.6,92.4,0.283,1,1
58,2.4167,bytetrack,2,664.5,571.0,604.0,524.1,120.8,93.8,0.258,1,1
59,2.4583,kalman_hold,2,664.6,570.8,604.2,523.9,120.8,93.8,0.258,0,0
60,2.5000,bytetrack,2,664.8,570.6,603.8,522.9,121.9,95.5,0.254,1,1
61,2.5417,bytetrack,2,665.1,570.5,604.9,523.4,120.4,94.2,0.281,1,1
62,2.5833,bytetrack,2,665.3,570.4,605.6,524.0,119.5,92.8,0.350,1,1
63,2.6250,bytetrack,2,665.6,570.3,606.2,524.1,118.8,92.5,0.393,1,1
64,2.6667,bytetrack,2,665.8,570.3,606.8,524.5,118.0,91.5,0.398,1,1
65,2.7083,bytetrack,2,666.0,570.2,606.9,525.2,118.2,89.9,0.475,1,1
66,2.7500,bytetrack,2,666.3,570.1,607.2,524.9,118.2,90.4,0.529,1,1
67,2.7917,bytetrack,2,666.6,570.1,608.0,526.1,117.3,87.9,0.579,1,1
68,2.8333,bytetrack,2,666.8,570.1,607.6,526.2,118.4,87.6,0.566,1,1
69,2.8750,bytetrack,2,667.0,570.0,607.1,526.2,119.8,87.6,0.587,1,1
70,2.9167,bytetrack,2,667.3,570.1,607.4,527.1,119.7,85.9,0.590,1,1
71,2.9583,bytetrack,2,667.6,570.1,606.0,526.8,123.2,86.7,0.631,1,1
72,3.0000,bytetrack,2,667.9,570.3,604.0,526.3,128.0,88.0,0.651,1,1
73,3.0417,bytetrack,3,668.3,570.9,612.2,531.7,112.2,78.4,0.501,1,1
74,3.0833,bytetrack,2,668.5,571.2,606.0,526.7,125.1,89.1,0.629,1,1
75,3.1250,bytetrack,2,668.7,571.6,608.8,530.0,119.8,83.3,0.532,1,1
76,3.1667,bytetrack,2,669.0,572.3,609.5,526.7,119.1,91.1,0.519,1,1
77,3.2083,bytetrack,2,669.2,573.0,608.8,528.7,121.0,88.7,0.548,1,1
78,3.2500,bytetrack,2,669.5,573.7,609.5,527.5,120.0,92.4,0.397,1,1
79,3.2917,bytetrack,2,669.7,574.5,609.4,529.2,120.6,90.6,0.467,1,1
80,3.3333,bytetrack,2,669.9,575.4,608.7,530.1,122.4,90.6,0.284,1,1
81,3.3750,bytetrack,2,670.1,576.5,612.3,532.6,115.5,87.8,0.259,1,1
82,3.4167,bytetrack,2,670.2,577.7,610.0,535.1,120.4,85.3,0.506,1,1
83,3.4583,kalman_hold,2,670.4,577.8,610.2,535.1,120.4,85.3,0.506,0,0
84,3.5000,bytetrack,2,670.6,579.2,610.7,532.6,119.9,93.3,0.253,1,1
85,3.5417,kalman_hold,2,670.8,579.3,610.9,532.6,119.9,93.3,0.253,0,0
86,3.5833,kalman_hold,2,671.0,579.3,611.1,532.7,119.9,93.3,0.253,0,0
87,3.6250,kalman_hold,2,671.2,579.4,611.3,532.7,119.9,93.3,0.253,0,0
88,3.6667,kalman_hold,2,671.4,579.4,611.4,532.8,119.9,93.3,0.253,0,0
89,3.7083,kalman_hold,2,671.6,579.5,611.6,532.8,119.9,93.3,0.253,0,0
90,3.7500,bytetrack,4,671.8,580.2,604.6,530.9,134.5,98.7,0.344,1,1
91,3.7917,bytetrack,4,672.1,580.6,604.8,530.0,134.7,101.3,0.425,1,1
92,3.8333,bytetrack,4,672.3,580.7,603.1,529.4,138.5,102.6,0.382,1,1
93,3.8750,bytetrack,4,672.4,580.4,604.5,532.4,135.9,95.9,0.678,1,1
94,3.9167,bytetrack,4,672.5,579.7,606.7,531.3,131.6,96.9,0.557,1,1
95,3.9583,bytetrack,5,672.6,578.5,603.1,531.6,139.0,93.8,0.693,1,1
96,4.0000,bytetrack,5,672.5,577.0,603.1,529.5,138.8,95.0,0.502,1,1
97,4.0417,kalman_hold,5,672.7,577.0,603.3,529.5,138.8,95.0,0.502,0,0
98,4.0833,kalman_hold,5,672.9,577.0,603.5,529.5,138.8,95.0,0.502,0,0
99,4.1250,kalman_hold,5,673.1,577.0,603.7,529.5,138.8,95.0,0.502,0,0
100,4.1667,bytetrack,6,672.4,573.3,600.4,523.2,143.9,100.2,0.336,1,1
101,4.2083,kalman_hold,6,672.5,573.2,600.6,523.1,143.9,100.2,0.336,0,0
102,4.2500,kalman_hold,6,672.7,573.2,600.8,523.1,143.9,100.2,0.336,0,0
103,4.2917,kalman_hold,6,672.9,573.1,600.9,523.0,143.9,100.2,0.336,0,0
104,4.3333,bytetrack,7,670.5,567.7,579.9,520.6,181.2,94.2,0.334,1,1
105,4.3750,kalman_hold,7,670.6,567.5,580.0,520.4,181.2,94.2,0.334,0,0
106,4.4167,bytetrack,8,668.9,559.8,588.4,516.3,161.0,87.0,0.280,1,1
107,4.4583,bytetrack,9,667.3,551.8,588.3,507.5,158.0,88.7,0.545,1,1
108,4.5000,bytetrack,9,665.9,543.8,586.5,500.8,158.7,86.0,0.574,1,1
109,4.5417,bytetrack,10,664.4,535.7,584.0,492.2,160.8,87.0,0.650,1,1
110,4.5833,bytetrack,11,662.9,526.4,581.4,481.8,163.0,89.0,0.660,1,1
111,4.6250,bytetrack,12,661.3,517.0,580.5,472.4,161.6,89.2,0.437,1,1
112,4.6667,bytetrack,13,659.8,507.2,574.6,465.9,170.4,82.6,0.620,1,1
113,4.7083,bytetrack,13,658.4,497.6,576.1,453.0,164.6,89.3,0.596,1,1
114,4.7500,bytetrack,14,656.7,487.0,575.1,444.0,163.2,85.8,0.301,1,1
115,4.7917,bytetrack,14,655.1,476.6,576.3,436.0,157.7,81.1,0.314,1,1
116,4.8333,bytetrack,14,653.7,466.3,576.6,424.0,154.2,84.7,0.320,1,1
117,4.8750,bytetrack,14,652.2,456.5,577.6,416.8,149.3,79.4,0.600,1,1
118,4.9167,bytetrack,14,650.7,447.0,572.7,405.6,156.0,82.8,0.262,1,1
119,4.9583,kalman_hold,14,650.5,444.9,572.5,403.5,156.0,82.8,0.262,0,0
120,5.0000,kalman_hold,14,650.3,442.7,572.3,401.3,156.0,82.8,0.262,0,0
121,5.0417,kalman_hold,14,650.0,440.5,572.0,399.1,156.0,82.8,0.262,0,0
122,5.0833,kalman_hold,14,649.8,438.4,571.8,397.0,156.0,82.8,0.262,0,0
123,5.1250,kalman_hold,14,649.5,436.2,571.5,394.8,156.0,82.8,0.262,0,0
124,5.1667,kalman_hold,14,649.3,434.1,571.3,392.6,156.0,82.8,0.262,0,0
125,5.2083,kalman_hold,14,649.1,431.9,571.1,390.5,156.0,82.8,0.262,0,0
126,5.2500,kalman_hold,14,648.8,429.7,570.8,388.3,156.0,82.8,0.262,0,0
127,5.2917,kalman_hold,14,648.6,427.6,570.6,386.2,156.0,82.8,0.262,0,0
128,5.3333,kalman_hold,14,648.3,425.4,570.4,384.0,156.0,82.8,0.262,0,0
129,5.3750,none,,,,,,,,,0,0
130,5.4167,none,,,,,,,,,0,0
131,5.4583,none,,,,,,,,,0,0
132,5.5000,none,,,,,,,,,0,0
133,5.5417,none,,,,,,,,,0,0
134,5.5833,none,,,,,,,,,0,0
135,5.6250,none,,,,,,,,,0,0
136,5.6667,none,,,,,,,,,0,0
137,5.7083,none,,,,,,,,,0,0
138,5.7500,none,,,,,,,,,0,0
139,5.7917,none,,,,,,,,,0,0
140,5.8333,none,,,,,,,,,0,0
141,5.8750,none,,,,,,,,,0,0
142,5.9167,none,,,,,,,,,0,0
143,5.9583,none,,,,,,,,,0,0
144,6.0000,none,,,,,,,,,0,0
145,6.0417,none,,,,,,,,,0,0
146,6.0833,none,,,,,,,,,0,0
147,6.1250,none,,,,,,,,,0,0
148,6.1667,none,,,,,,,,,0,0
149,6.2083,none,,,,,,,,,0,0
150,6.2500,none,,,,,,,,,0,0
151,6.2917,none,,,,,,,,,0,0
152,6.3333,bytetrack,15,624.9,429.0,533.0,383.3,183.8,91.3,0.263,1,1
153,6.3750,kalman_hold,15,624.9,429.0,533.0,383.3,183.8,91.3,0.263,0,0
154,6.4167,kalman_hold,15,624.9,429.0,533.0,383.3,183.8,91.3,0.263,0,0
155,6.4583,kalman_hold,15,624.9,429.0,533.0,383.3,183.8,91.3,0.263,0,0
156,6.5000,kalman_hold,15,624.9,429.0,533.0,383.3,183.8,91.3,0.263,0,0
157,6.5417,kalman_hold,15,624.9,429.0,533.0,383.3,183.8,91.3,0.263,0,0
158,6.5833,bytetrack,16,626.5,425.7,546.3,388.1,160.4,75.3,0.262,1,1
159,6.6250,kalman_hold,16,626.5,425.7,546.3,388.1,160.4,75.3,0.262,0,0
160,6.6667,kalman_hold,16,626.5,425.7,546.3,388.0,160.4,75.3,0.262,0,0
161,6.7083,kalman_hold,16,626.5,425.6,546.3,388.0,160.4,75.3,0.262,0,0
162,6.7500,kalman_hold,16,626.5,425.6,546.4,388.0,160.4,75.3,0.262,0,0
163,6.7917,bytetrack,17,628.3,421.6,546.1,380.2,164.4,82.7,0.267,1,1
164,6.8333,bytetrack,17,629.8,417.6,545.9,379.6,167.7,76.1,0.362,1,1
165,6.8750,bytetrack,17,631.2,413.6,545.4,373.2,171.5,80.7,0.272,1,1
166,6.9167,kalman_hold,17,631.3,413.4,545.5,373.0,171.5,80.7,0.272,0,0
167,6.9583,kalman_hold,17,631.3,413.1,545.6,372.8,171.5,80.7,0.272,0,0
168,7.0000,kalman_hold,17,631.4,412.9,545.7,372.6,171.5,80.7,0.272,0,0
169,7.0417,kalman_hold,17,631.5,412.7,545.8,372.3,171.5,80.7,0.272,0,0
170,7.0833,kalman_hold,17,631.6,412.5,545.9,372.1,171.5,80.7,0.272,0,0
171,7.1250,kalman_hold,17,631.7,412.2,546.0,371.9,171.5,80.7,0.272,0,0
172,7.1667,kalman_hold,17,631.8,412.0,546.1,371.7,171.5,80.7,0.272,0,0
173,7.2083,kalman_hold,17,631.9,411.8,546.2,371.4,171.5,80.7,0.272,0,0
174,7.2500,kalman_hold,17,632.0,411.6,546.2,371.2,171.5,80.7,0.272,0,0
175,7.2917,kalman_hold,17,632.1,411.3,546.3,371.0,171.5,80.7,0.272,0,0
176,7.3333,none,,,,,,,,,0,0
177,7.3750,none,,,,,,,,,0,0
178,7.4167,none,,,,,,,,,0,0
179,7.4583,none,,,,,,,,,0,0
180,7.5000,none,,,,,,,,,0,0
181,7.5417,none,,,,,,,,,0,0
182,7.5833,none,,,,,,,,,0,0
183,7.6250,none,,,,,,,,,0,0
184,7.6667,bytetrack,18,617.0,338.3,524.7,297.7,184.7,81.1,0.296,1,1
185,7.7083,bytetrack,18,617.0,338.7,530.2,294.8,173.6,87.7,0.368,1,1
186,7.7500,bytetrack,19,617.4,339.7,533.4,296.8,168.1,85.8,0.277,1,1
187,7.7917,kalman_hold,19,617.4,339.7,533.4,296.8,168.1,85.8,0.277,0,0
188,7.8333,kalman_hold,19,617.4,339.7,533.4,296.8,168.1,85.8,0.277,0,0
189,7.8750,kalman_hold,19,617.4,339.7,533.4,296.8,168.1,85.8,0.277,0,0
190,7.9167,kalman_hold,19,617.4,339.7,533.4,296.8,168.1,85.8,0.277,0,0
191,7.9583,kalman_hold,19,617.4,339.7,533.4,296.8,168.1,85.8,0.277,0,0
192,8.0000,kalman_hold,19,617.4,339.7,533.4,296.8,168.1,85.8,0.277,0,0
193,8.0417,kalman_hold,19,617.4,339.7,533.4,296.8,168.1,85.8,0.277,0,0
194,8.0833,kalman_hold,19,617.4,339.7,533.4,296.8,168.1,85.8,0.277,0,0
195,8.1250,kalman_hold,19,617.4,339.7,533.4,296.8,168.1,85.8,0.277,0,0
196,8.1667,kalman_hold,19,617.4,339.7,533.4,296.8,168.1,85.8,0.277,0,0
197,8.2083,none,,,,,,,,,0,0
198,8.2500,none,,,,,,,,,0,0
199,8.2917,none,,,,,,,,,0,0
200,8.3333,bytetrack,20,580.7,412.2,478.6,370.2,204.1,84.0,0.405,1,1
201,8.3750,bytetrack,20,581.0,412.4,481.8,370.2,198.4,84.5,0.415,1,1
202,8.4167,bytetrack,20,581.5,412.7,483.1,370.4,196.7,84.7,0.392,1,1
203,8.4583,bytetrack,20,582.1,412.9,484.4,370.7,195.3,84.5,0.420,1,1
204,8.5000,bytetrack,20,582.6,413.1,486.7,369.3,191.7,87.7,0.439,1,1
205,8.5417,bytetrack,20,583.2,413.3,488.5,371.2,189.3,84.3,0.485,1,1
206,8.5833,bytetrack,20,583.7,413.4,494.4,370.6,178.6,85.5,0.378,1,1
207,8.6250,kalman_hold,20,583.8,413.4,494.5,370.6,178.6,85.5,0.378,0,0
208,8.6667,kalman_hold,20,583.8,413.4,494.5,370.6,178.6,85.5,0.378,0,0
209,8.7083,kalman_hold,20,583.8,413.4,494.5,370.6,178.6,85.5,0.378,0,0
210,8.7500,kalman_hold,20,583.8,413.4,494.5,370.6,178.6,85.5,0.378,0,0
211,8.7917,kalman_hold,20,583.8,413.4,494.5,370.6,178.6,85.5,0.378,0,0
212,8.8333,kalman_hold,20,583.9,413.4,494.6,370.6,178.6,85.5,0.378,0,0
213,8.8750,kalman_hold,20,583.9,413.4,494.6,370.6,178.6,85.5,0.378,0,0
214,8.9167,kalman_hold,20,583.9,413.4,494.6,370.7,178.6,85.5,0.378,0,0
215,8.9583,kalman_hold,20,583.9,413.4,494.6,370.7,178.6,85.5,0.378,0,0
216,9.0000,kalman_hold,20,583.9,413.4,494.6,370.7,178.6,85.5,0.378,0,0
217,9.0417,bytetrack,21,584.4,401.9,487.9,356.0,193.1,91.8,0.467,1,1
218,9.0833,bytetrack,21,585.0,390.5,489.1,343.7,191.7,93.5,0.328,1,1
219,9.1250,bytetrack,22,585.9,379.0,487.4,334.0,196.9,89.9,0.254,1,1
220,9.1667,bytetrack,22,586.8,368.0,489.2,324.8,195.1,86.5,0.267,1,1
221,9.2083,bytetrack,22,587.9,357.8,489.9,312.9,195.9,89.9,0.334,1,1
222,9.2500,kalman_hold,22,588.0,356.6,490.0,311.6,195.9,89.9,0.334,0,0
223,9.2917,kalman_hold,22,588.1,355.4,490.1,310.4,195.9,89.9,0.334,0,0
224,9.3333,bytetrack,22,589.7,344.9,489.4,302.0,200.6,85.7,0.344,1,1
225,9.3750,bytetrack,22,591.4,335.2,489.5,294.0,203.8,82.4,0.465,1,1
226,9.4167,bytetrack,22,593.1,326.3,491.7,284.5,202.7,83.5,0.475,1,1
227,9.4583,bytetrack,22,594.6,318.1,493.5,275.9,202.3,84.4,0.445,1,1
228,9.5000,bytetrack,22,596.2,310.6,494.3,268.6,203.8,83.9,0.435,1,1
229,9.5417,bytetrack,22,597.6,303.4,495.0,263.5,205.0,79.7,0.373,1,1
230,9.5833,bytetrack,22,598.9,297.3,494.9,252.2,208.0,90.2,0.258,1,1
231,9.6250,kalman_hold,22,599.2,294.9,495.2,249.9,208.0,90.2,0.258,0,0
232,9.6667,bytetrack,22,600.5,289.5,496.3,248.2,208.4,82.6,0.358,1,1
233,9.7083,bytetrack,22,601.8,285.0,496.5,243.6,210.6,82.7,0.358,1,1
234,9.7500,bytetrack,23,602.9,281.5,498.7,238.0,208.4,87.1,0.475,1,1
235,9.7917,bytetrack,23,604.1,278.8,494.1,233.9,219.9,89.7,0.333,1,1
236,9.8333,bytetrack,23,605.0,276.3,496.7,231.2,216.6,90.1,0.432,1,1
237,9.8750,bytetrack,23,606.0,274.2,499.5,228.7,213.1,90.8,0.384,1,1
238,9.9167,bytetrack,23,607.2,272.6,498.2,227.9,218.1,89.2,0.377,1,1
239,9.9583,bytetrack,23,608.3,271.6,500.2,228.5,216.1,86.2,0.568,1,1
240,10.0000,bytetrack,23,609.5,271.0,500.8,228.7,217.3,84.6,0.556,1,1
241,10.0417,bytetrack,24,610.8,271.0,501.0,230.7,219.6,80.6,0.316,1,1
242,10.0833,bytetrack,24,612.2,271.2,501.7,230.8,221.1,80.7,0.411,1,1
243,10.1250,bytetrack,24,613.8,271.3,505.3,230.7,217.1,81.2,0.490,1,1
244,10.1667,bytetrack,24,615.5,271.7,505.7,230.3,219.7,82.7,0.523,1,1
245,10.2083,bytetrack,24,617.3,272.3,504.0,230.7,226.5,83.2,0.567,1,1
246,10.2500,bytetrack,24,619.1,273.1,501.2,233.6,235.8,78.9,0.532,1,1
247,10.2917,bytetrack,24,620.8,274.0,503.4,234.5,234.7,78.9,0.587,1,1
248,10.3333,bytetrack,24,622.1,274.9,502.2,235.7,239.9,78.5,0.616,1,1
249,10.3750,bytetrack,24,622.8,276.0,502.0,236.7,241.5,78.6,0.640,1,1
250,10.4167,bytetrack,24,623.1,276.9,503.9,237.4,238.4,79.0,0.690,1,1
251,10.4583,bytetrack,24,623.5,277.8,502.2,238.1,242.5,79.3,0.643,1,1
252,10.5000,bytetrack,24,623.6,278.3,504.3,237.2,238.5,82.3,0.678,1,1
253,10.5417,bytetrack,24,624.3,278.8,491.4,237.5,265.9,82.7,0.647,1,1
254,10.5833,bytetrack,24,625.0,279.0,488.6,236.8,272.7,84.6,0.614,1,1
255,10.6250,bytetrack,24,625.7,279.3,486.0,236.5,279.4,85.6,0.615,1,1
256,10.6667,bytetrack,24,626.3,279.4,486.6,234.8,279.3,89.1,0.614,1,1
257,10.7083,bytetrack,24,626.8,279.5,487.1,235.1,279.3,88.7,0.627,1,1
258,10.7500,bytetrack,24,627.3,279.7,484.9,236.8,284.9,85.8,0.627,1,1
259,10.7917,bytetrack,24,627.8,279.8,483.8,236.6,288.1,86.4,0.628,1,1
260,10.8333,bytetrack,24,628.2,280.1,482.9,236.5,290.5,87.2,0.632,1,1
261,10.8750,bytetrack,24,628.5,280.5,483.5,237.2,290.1,86.6,0.649,1,1
262,10.9167,bytetrack,24,628.8,280.8,482.5,237.7,292.6,86.3,0.634,1,1
263,10.9583,bytetrack,24,629.1,281.2,481.1,238.0,295.8,86.5,0.649,1,1
264,11.0000,bytetrack,24,629.3,281.7,481.4,238.4,295.8,86.6,0.672,1,1
265,11.0417,bytetrack,24,629.4,282.3,479.5,238.2,299.8,88.3,0.689,1,1
266,11.0833,bytetrack,24,629.4,283.0,478.3,237.7,302.3,90.7,0.676,1,1
267,11.1250,bytetrack,24,629.5,283.8,477.3,236.9,304.3,93.8,0.676,1,1
268,11.1667,bytetrack,24,629.4,284.7,477.1,238.7,304.5,91.9,0.662,1,1
269,11.2083,bytetrack,24,629.2,285.7,476.2,241.5,306.1,88.3,0.686,1,1
270,11.2500,bytetrack,24,629.0,287.2,474.3,243.2,309.3,88.0,0.623,1,1
271,11.2917,bytetrack,24,628.7,288.8,472.4,244.9,312.4,87.8,0.638,1,1
272,11.3333,bytetrack,24,628.3,290.6,471.0,245.7,314.6,89.7,0.652,1,1
273,11.3750,bytetrack,25,627.7,292.8,469.3,241.6,316.8,102.4,0.566,1,1
274,11.4167,bytetrack,25,627.1,295.1,468.3,243.6,317.6,103.0,0.586,1,1
275,11.4583,bytetrack,25,626.5,297.3,467.9,247.1,317.3,100.3,0.593,1,1
276,11.5000,bytetrack,25,625.9,299.4,466.4,248.8,319.0,101.2,0.564,1,1
277,11.5417,bytetrack,25,625.2,301.5,464.4,249.6,321.6,103.7,0.541,1,1
278,11.5833,bytetrack,25,624.4,303.4,462.5,251.0,323.9,104.7,0.495,1,1
279,11.6250,bytetrack,24,623.6,304.8,460.0,260.7,327.2,88.3,0.580,1,1
280,11.6667,bytetrack,24,622.7,306.0,458.2,261.6,328.9,88.8,0.647,1,1
281,11.7083,bytetrack,24,621.8,307.3,457.2,263.7,329.1,87.3,0.653,1,1
282,11.7500,bytetrack,25,620.6,309.1,454.3,255.2,332.7,107.8,0.544,1,1
283,11.7917,bytetrack,25,619.5,311.0,451.4,255.4,336.2,111.2,0.621,1,1
284,11.8333,bytetrack,25,618.4,313.0,450.4,258.7,336.1,108.5,0.628,1,1
285,11.8750,bytetrack,25,617.3,315.4,447.5,264.2,339.5,102.4,0.633,1,1
286,11.9167,bytetrack,26,616.2,318.3,446.2,271.7,339.9,93.2,0.582,1,1
287,11.9583,bytetrack,27,614.9,321.9,444.8,268.3,340.3,107.2,0.655,1,1
288,12.0000,bytetrack,27,613.6,325.9,443.1,275.7,340.9,100.4,0.684,1,1
289,12.0417,bytetrack,27,612.2,330.2,439.0,280.5,346.5,99.4,0.652,1,1
290,12.0833,bytetrack,27,610.7,334.6,438.4,282.6,344.7,104.1,0.714,1,1
291,12.1250,bytetrack,27,608.8,339.3,436.6,282.4,344.5,113.7,0.706,1,1
292,12.1667,bytetrack,27,606.6,343.6,431.3,289.1,350.6,109.1,0.703,1,1
293,12.2083,bytetrack,27,604.1,347.5,426.3,296.2,355.6,102.5,0.649,1,1
294,12.2500,bytetrack,28,601.5,351.0,419.2,278.6,364.6,144.6,0.584,1,1
295,12.2917,bytetrack,28,598.8,354.1,417.2,289.9,363.3,128.3,0.635,1,1
296,12.3333,bytetrack,28,596.3,356.6,414.3,291.5,363.9,130.2,0.674,1,1
297,12.3750,bytetrack,29,593.7,358.4,415.2,305.6,357.1,105.6,0.704,1,1
298,12.4167,bytetrack,29,591.4,360.0,414.0,308.6,354.7,102.8,0.626,1,1
299,12.4583,bytetrack,29,589.2,361.5,413.0,310.2,352.4,102.5,0.622,1,1
300,12.5000,bytetrack,29,587.6,363.1,417.2,305.8,340.6,114.6,0.575,1,1
301,12.5417,bytetrack,29,586.2,364.5,418.6,310.4,335.2,108.1,0.640,1,1
302,12.5833,bytetrack,29,585.3,365.9,423.1,312.5,324.4,106.7,0.636,1,1
303,12.6250,bytetrack,29,584.6,367.0,425.1,315.8,319.0,102.5,0.646,1,1
304,12.6667,bytetrack,29,584.1,368.0,428.1,319.7,312.1,96.6,0.632,1,1
305,12.7083,bytetrack,29,584.1,368.9,432.3,319.4,303.6,99.1,0.575,1,1
306,12.7500,bytetrack,30,585.7,369.5,434.3,320.9,302.7,97.2,0.554,1,1
307,12.7917,bytetrack,30,587.8,370.1,435.0,314.0,305.5,112.1,0.622,1,1
308,12.8333,bytetrack,30,590.2,370.3,435.1,322.3,310.3,96.1,0.592,1,1
309,12.8750,bytetrack,31,593.0,370.0,441.4,318.2,303.2,103.6,0.713,1,1
310,12.9167,bytetrack,31,595.9,369.4,446.5,320.9,298.7,97.0,0.751,1,1
311,12.9583,bytetrack,32,599.3,368.3,459.5,323.0,279.6,90.7,0.622,1,1
312,13.0000,bytetrack,32,602.8,367.0,467.4,321.7,270.7,90.6,0.711,1,1
313,13.0417,bytetrack,32,606.2,365.7,471.5,321.2,269.4,89.2,0.700,1,1
314,13.0833,bytetrack,32,609.9,364.3,469.5,321.9,280.6,84.8,0.664,1,1
315,13.1250,bytetrack,32,613.6,362.7,470.8,319.8,285.6,85.7,0.676,1,1
316,13.1667,bytetrack,32,617.5,361.0,482.4,319.7,270.1,82.5,0.672,1,1
317,13.2083,bytetrack,32,621.4,359.0,491.4,314.3,260.0,89.6,0.669,1,1
318,13.2500,bytetrack,32,625.4,357.1,497.4,311.0,255.9,92.3,0.665,1,1
319,13.2917,bytetrack,32,629.5,355.2,506.5,309.5,246.0,91.5,0.606,1,1
320,13.3333,bytetrack,32,633.6,353.3,511.2,308.7,244.9,89.2,0.626,1,1
321,13.3750,bytetrack,32,637.6,351.2,515.4,308.1,244.4,86.3,0.567,1,1
322,13.4167,bytetrack,32,641.6,349.0,518.8,305.9,245.7,86.2,0.566,1,1
323,13.4583,bytetrack,32,645.5,346.8,523.5,301.8,243.9,89.9,0.604,1,1
324,13.5000,bytetrack,32,649.0,344.1,528.1,297.1,241.8,94.0,0.616,1,1
325,13.5417,bytetrack,33,652.5,341.0,530.8,295.7,243.5,90.6,0.601,1,1
326,13.5833,bytetrack,34,655.8,337.2,531.8,292.2,248.0,90.0,0.519,1,1
327,13.6250,bytetrack,35,658.8,332.7,532.5,290.0,252.5,85.3,0.487,1,1
328,13.6667,bytetrack,35,661.3,327.9,536.6,284.7,249.3,86.5,0.381,1,1
329,13.7083,kalman_hold,35,662.3,327.7,537.6,284.4,249.3,86.5,0.381,0,0
330,13.7500,kalman_hold,35,663.3,327.4,538.6,284.2,249.3,86.5,0.381,0,0
331,13.7917,bytetrack,36,665.3,320.4,543.8,279.9,243.1,81.0,0.370,1,1
332,13.8333,bytetrack,37,667.6,312.8,555.4,273.3,224.3,79.0,0.460,1,1
333,13.8750,bytetrack,38,671.0,305.2,583.7,261.6,174.6,87.2,0.271,1,1
334,13.9167,kalman_hold,38,672.1,304.5,584.8,260.9,174.6,87.2,0.271,0,0
335,13.9583,kalman_hold,38,673.2,303.9,585.9,260.2,174.6,87.2,0.271,0,0
336,14.0000,bytetrack,39,675.7,295.7,586.8,244.1,177.8,103.2,0.311,1,1
337,14.0417,kalman_hold,39,676.8,294.9,587.9,243.3,177.8,103.2,0.311,0,0
338,14.0833,bytetrack,40,677.6,286.9,567.9,240.7,219.4,92.4,0.355,1,1
339,14.1250,bytetrack,40,679.0,279.4,588.7,233.9,180.5,91.0,0.434,1,1
340,14.1667,bytetrack,40,679.9,272.4,587.3,229.5,185.3,85.9,0.378,1,1
341,14.2083,bytetrack,40,680.8,266.1,590.8,222.9,180.0,86.4,0.381,1,1
342,14.2500,bytetrack,40,681.6,260.3,592.2,216.9,178.9,86.8,0.355,1,1
343,14.2917,bytetrack,40,682.2,254.8,590.8,213.5,182.9,82.6,0.451,1,1
344,14.3333,bytetrack,40,682.8,249.8,591.1,208.9,183.4,81.8,0.374,1,1
345,14.3750,bytetrack,41,683.0,245.5,590.0,204.2,186.0,82.7,0.394,1,1
346,14.4167,kalman_hold,41,684.1,243.9,591.1,202.6,186.0,82.7,0.394,0,0
347,14.4583,bytetrack,42,684.2,240.4,596.6,197.9,175.3,84.9,0.262,1,1
348,14.5000,kalman_hold,42,685.3,238.7,597.6,196.3,175.3,84.9,0.262,0,0
349,14.5417,bytetrack,42,685.3,235.9,596.8,189.3,177.1,93.1,0.341,1,1
350,14.5833,bytetrack,42,685.1,233.7,597.5,188.8,175.3,89.7,0.428,1,1
351,14.6250,kalman_hold,42,686.1,232.0,598.5,187.2,175.3,89.7,0.428,0,0
352,14.6667,kalman_hold,42,687.1,230.3,599.5,185.5,175.3,89.7,0.428,0,0
353,14.7083,bytetrack,42,686.7,228.9,599.9,185.0,173.5,87.8,0.378,1,1
354,14.7500,kalman_hold,42,687.7,227.3,600.9,183.4,173.5,87.8,0.378,0,0
355,14.7917,kalman_hold,42,688.7,225.6,601.9,181.7,173.5,87.8,0.378,0,0
356,14.8333,kalman_hold,42,689.6,223.9,602.9,180.0,173.5,87.8,0.378,0,0
357,14.8750,kalman_hold,42,690.6,222.2,603.9,178.3,173.5,87.8,0.378,0,0
358,14.9167,kalman_hold,42,691.6,220.6,604.8,176.7,173.5,87.8,0.378,0,0
359,14.9583,kalman_hold,42,692.6,218.9,605.8,175.0,173.5,87.8,0.378,0,0
360,15.0000,kalman_hold,42,693.6,217.2,606.8,173.3,173.5,87.8,0.378,0,0
361,15.0417,bytetrack,43,693.1,219.8,607.2,170.0,171.9,99.6,0.275,1,1
362,15.0833,kalman_hold,43,694.1,218.2,608.1,168.4,171.9,99.6,0.275,0,0
363,15.1250,kalman_hold,43,695.0,216.6,609.1,166.8,171.9,99.6,0.275,0,0
364,15.1667,kalman_hold,43,696.0,215.0,610.0,165.2,171.9,99.6,0.275,0,0
365,15.2083,kalman_hold,43,696.9,213.4,611.0,163.6,171.9,99.6,0.275,0,0
366,15.2500,kalman_hold,43,697.9,211.8,611.9,162.0,171.9,99.6,0.275,0,0
367,15.2917,kalman_hold,43,698.8,210.2,612.9,160.4,171.9,99.6,0.275,0,0
368,15.3333,kalman_hold,43,699.8,208.6,613.8,158.8,171.9,99.6,0.275,0,0
369,15.3750,kalman_hold,43,700.7,207.0,614.8,157.2,171.9,99.6,0.275,0,0
370,15.4167,kalman_hold,43,701.7,205.4,615.7,155.6,171.9,99.6,0.275,0,0
371,15.4583,kalman_hold,43,702.6,203.9,616.7,154.0,171.9,99.6,0.275,0,0
372,15.5000,none,,,,,,,,,0,0
373,15.5417,none,,,,,,,,,0,0
374,15.5833,bytetrack,44,593.6,301.1,488.6,258.7,210.0,84.8,0.328,1,1
375,15.6250,kalman_hold,44,593.6,301.1,488.6,258.7,210.0,84.8,0.328,0,0
376,15.6667,kalman_hold,44,593.6,301.1,488.6,258.7,210.0,84.8,0.328,0,0
377,15.7083,kalman_hold,44,593.6,301.1,488.6,258.7,210.0,84.8,0.328,0,0
378,15.7500,kalman_hold,44,593.6,301.1,488.6,258.7,210.0,84.8,0.328,0,0
379,15.7917,kalman_hold,44,593.6,301.1,488.6,258.7,210.0,84.8,0.328,0,0
380,15.8333,kalman_hold,44,593.6,301.1,488.6,258.7,210.0,84.8,0.328,0,0
381,15.8750,bytetrack,45,592.2,300.7,501.9,263.2,180.6,75.0,0.284,1,1
382,15.9167,bytetrack,45,590.9,300.1,500.4,261.0,181.0,78.3,0.468,1,1
383,15.9583,bytetrack,45,589.3,300.0,503.3,256.9,171.9,86.2,0.320,1,1
384,16.0000,bytetrack,45,587.8,299.8,499.6,256.9,176.4,85.8,0.364,1,1
385,16.0417,bytetrack,45,586.8,299.2,492.9,259.1,187.7,80.2,0.498,1,1
386,16.0833,bytetrack,45,585.9,298.6,491.0,257.8,189.8,81.5,0.424,1,1
387,16.1250,bytetrack,45,585.2,298.0,491.2,256.7,188.0,82.6,0.440,1,1
388,16.1667,bytetrack,45,584.7,297.4,490.2,254.8,189.0,85.2,0.426,1,1
389,16.2083,bytetrack,46,584.3,297.2,498.0,248.4,172.5,97.7,0.300,1,1
390,16.2500,kalman_hold,46,584.2,297.1,497.9,248.3,172.5,97.7,0.300,0,0
391,16.2917,kalman_hold,46,584.0,297.1,497.8,248.3,172.5,97.7,0.300,0,0
392,16.3333,kalman_hold,46,583.9,297.0,497.7,248.2,172.5,97.7,0.300,0,0
393,16.3750,kalman_hold,46,583.8,297.0,497.5,248.1,172.5,97.7,0.300,0,0
394,16.4167,kalman_hold,46,583.7,296.9,497.4,248.1,172.5,97.7,0.300,0,0
395,16.4583,kalman_hold,46,583.5,296.8,497.3,248.0,172.5,97.7,0.300,0,0
396,16.5000,bytetrack,47,589.8,296.0,507.7,250.9,164.2,90.3,0.339,1,1
397,16.5417,kalman_hold,47,589.9,295.9,507.8,250.8,164.2,90.3,0.339,0,0
398,16.5833,kalman_hold,47,589.9,295.8,507.8,250.7,164.2,90.3,0.339,0,0
399,16.6250,kalman_hold,47,589.9,295.8,507.8,250.6,164.2,90.3,0.339,0,0
400,16.6667,kalman_hold,47,589.9,295.7,507.8,250.5,164.2,90.3,0.339,0,0
401,16.7083,kalman_hold,47,590.0,295.6,507.9,250.5,164.2,90.3,0.339,0,0
402,16.7500,kalman_hold,47,590.0,295.5,507.9,250.4,164.2,90.3,0.339,0,0
403,16.7917,bytetrack,48,607.9,293.5,501.5,248.5,213.0,90.0,0.515,1,1
404,16.8333,bytetrack,48,624.6,291.7,512.5,250.1,224.2,83.2,0.510,1,1
405,16.8750,bytetrack,48,641.1,290.2,538.4,246.6,205.4,87.3,0.474,1,1
406,16.9167,bytetrack,48,656.0,288.9,548.3,244.2,215.4,89.3,0.595,1,1
407,16.9583,bytetrack,48,670.0,287.4,560.3,244.6,219.4,85.5,0.674,1,1
408,17.0000,bytetrack,48,683.0,286.2,568.9,243.9,228.2,84.6,0.641,1,1
409,17.0417,bytetrack,48,694.8,285.3,581.1,242.0,227.4,86.5,0.683,1,1
410,17.0833,bytetrack,48,706.4,284.5,592.4,240.2,228.1,88.5,0.728,1,1
411,17.1250,bytetrack,48,717.8,283.9,610.2,241.6,215.0,84.6,0.680,1,1
412,17.1667,bytetrack,49,729.5,284.1,607.0,239.9,245.1,88.2,0.718,1,1
413,17.2083,bytetrack,49,740.4,284.5,618.9,241.0,243.0,87.1,0.720,1,1
414,17.2500,bytetrack,49,750.7,285.2,633.0,238.8,235.4,92.9,0.709,1,1
415,17.2917,bytetrack,49,760.5,286.2,647.6,241.9,225.9,88.6,0.644,1,1
416,17.3333,bytetrack,49,769.7,287.5,656.1,245.0,227.2,84.9,0.563,1,1
417,17.3750,bytetrack,50,779.9,288.8,642.7,241.1,274.4,95.3,0.354,1,1
418,17.4167,bytetrack,51,787.7,290.7,674.7,250.5,226.2,80.4,0.598,1,1
419,17.4583,bytetrack,51,795.3,292.5,674.9,249.0,240.9,87.1,0.618,1,1
420,17.5000,bytetrack,51,802.3,294.6,687.7,248.8,229.2,91.5,0.638,1,1
421,17.5417,bytetrack,51,809.0,296.9,695.7,249.2,226.6,95.4,0.600,1,1
422,17.5833,bytetrack,51,815.5,299.5,693.6,254.6,243.8,90.0,0.530,1,1
423,17.6250,bytetrack,52,821.4,302.8,703.0,249.6,236.8,106.4,0.371,1,1
424,17.6667,bytetrack,52,827.0,306.2,706.2,259.9,241.7,92.6,0.605,1,1
425,17.7083,bytetrack,52,832.4,309.9,705.7,260.4,253.5,99.1,0.590,1,1
426,17.7500,bytetrack,53,837.8,313.9,723.7,259.1,228.3,109.7,0.572,1,1
427,17.7917,bytetrack,53,843.0,317.6,729.9,269.3,226.1,96.5,0.538,1,1
428,17.8333,bytetrack,53,847.5,321.0,737.9,271.4,219.3,99.2,0.534,1,1
429,17.8750,bytetrack,53,851.7,324.3,740.8,275.8,221.7,97.1,0.530,1,1
430,17.9167,bytetrack,53,855.3,327.7,743.3,277.0,224.1,101.3,0.441,1,1
431,17.9583,bytetrack,54,858.3,331.4,739.3,280.1,238.0,102.7,0.335,1,1
432,18.0000,kalman_hold,54,862.5,332.2,743.5,280.8,238.0,102.7,0.335,0,0
433,18.0417,kalman_hold,54,866.7,332.9,747.7,281.6,238.0,102.7,0.335,0,0
434,18.0833,kalman_hold,54,870.9,333.6,751.9,282.3,238.0,102.7,0.335,0,0
435,18.1250,bytetrack,55,869.8,337.4,755.4,291.4,228.8,92.0,0.273,1,1
436,18.1667,kalman_hold,55,873.9,338.2,759.5,292.2,228.8,92.0,0.273,0,0
437,18.2083,kalman_hold,55,878.1,339.0,763.6,293.1,228.8,92.0,0.273,0,0
438,18.2500,kalman_hold,55,882.2,339.8,767.7,293.9,228.8,92.0,0.273,0,0
439,18.2917,bytetrack,56,877.4,343.3,762.8,299.4,229.3,87.7,0.388,1,1
440,18.3333,bytetrack,56,872.6,346.8,755.8,296.7,233.5,100.1,0.288,1,1
441,18.3750,kalman_hold,56,876.3,347.7,759.6,297.6,233.5,100.1,0.288,0,0
442,18.4167,bytetrack,57,870.4,350.1,759.4,305.1,222.0,90.0,0.308,1,1
443,18.4583,bytetrack,57,864.9,352.0,755.0,304.3,219.8,95.5,0.347,1,1
444,18.5000,bytetrack,57,859.8,353.3,749.3,311.2,221.0,84.3,0.532,1,1
445,18.5417,bytetrack,57,854.8,354.5,744.2,307.2,221.3,94.7,0.420,1,1
446,18.5833,bytetrack,58,849.7,354.8,739.7,305.6,220.1,98.4,0.564,1,1
447,18.6250,bytetrack,58,844.6,355.1,736.3,305.3,216.6,99.7,0.466,1,1
448,18.6667,bytetrack,59,839.4,355.9,732.9,294.8,212.9,122.1,0.324,1,1
449,18.7083,kalman_hold,59,841.9,356.8,735.5,295.7,212.9,122.1,0.324,0,0
450,18.7500,bytetrack,60,835.6,356.5,728.0,301.1,215.2,110.7,0.459,1,1
451,18.7917,bytetrack,60,828.8,356.1,721.8,301.4,213.9,109.5,0.494,1,1
452,18.8333,bytetrack,61,821.0,355.9,711.0,304.3,220.0,103.2,0.432,1,1
453,18.8750,bytetrack,61,813.2,355.4,705.9,305.1,214.6,100.6,0.530,1,1
454,18.9167,kalman_hold,61,814.9,356.3,707.6,305.9,214.6,100.6,0.530,0,0
455,18.9583,bytetrack,62,805.7,354.4,696.1,308.8,219.3,91.1,0.462,1,1
456,19.0000,bytetrack,62,796.8,352.3,686.2,307.0,221.2,90.6,0.515,1,1
457,19.0417,bytetrack,62,787.8,350.4,678.5,304.4,218.6,91.9,0.627,1,1
458,19.0833,bytetrack,62,779.0,348.3,666.7,302.9,224.6,90.9,0.596,1,1
459,19.1250,bytetrack,63,769.2,346.3,661.9,303.5,214.6,85.6,0.517,1,1
460,19.1667,kalman_hold,63,769.9,346.9,662.6,304.1,214.6,85.6,0.517,0,0
461,19.2083,bytetrack,64,759.5,343.7,650.9,301.2,217.2,85.2,0.642,1,1
462,19.2500,bytetrack,64,749.8,340.6,642.6,299.3,214.5,82.6,0.644,1,1
463,19.2917,bytetrack,64,740.6,337.5,635.6,297.2,210.1,80.7,0.635,1,1
464,19.3333,bytetrack,64,732.0,334.3,625.6,290.7,212.8,87.1,0.594,1,1
465,19.3750,bytetrack,64,723.6,331.0,613.0,287.1,221.2,87.8,0.681,1,1
466,19.4167,bytetrack,64,715.7,327.8,602.5,283.1,226.3,89.6,0.685,1,1
467,19.4583,bytetrack,64,708.0,324.7,586.3,280.3,243.5,88.8,0.673,1,1
468,19.5000,bytetrack,64,700.4,321.7,584.0,278.3,232.8,87.0,0.627,1,1
469,19.5417,bytetrack,64,693.0,318.9,579.9,276.9,226.2,84.0,0.673,1,1
470,19.5833,bytetrack,64,685.9,316.0,570.4,272.2,231.0,87.5,0.654,1,1
471,19.6250,bytetrack,64,679.1,313.0,563.4,268.3,231.3,89.3,0.620,1,1
472,19.6667,bytetrack,64,672.6,309.8,557.1,266.9,230.8,85.9,0.671,1,1
473,19.7083,bytetrack,64,666.4,306.6,551.9,264.2,228.9,84.8,0.691,1,1
474,19.7500,bytetrack,64,660.7,303.4,549.6,262.8,222.1,81.0,0.695,1,1
475,19.7917,bytetrack,64,655.2,300.1,544.3,258.8,221.8,82.4,0.712,1,1
476,19.8333,bytetrack,64,650.1,296.8,538.7,254.0,222.8,85.5,0.676,1,1
477,19.8750,bytetrack,64,645.6,293.4,534.7,250.0,221.8,87.0,0.639,1,1
478,19.9167,bytetrack,64,641.4,290.3,532.1,246.7,218.6,87.1,0.663,1,1
479,19.9583,bytetrack,64,637.4,287.1,527.3,242.6,220.3,89.0,0.631,1,1
480,20.0000,bytetrack,64,633.9,284.0,525.0,238.9,217.8,90.2,0.668,1,1
481,20.0417,bytetrack,64,630.7,281.0,521.7,236.2,217.9,89.6,0.654,1,1
482,20.0833,bytetrack,64,627.8,278.2,517.9,233.0,219.8,90.3,0.671,1,1
483,20.1250,bytetrack,64,625.2,275.8,515.5,231.3,219.4,89.0,0.647,1,1
484,20.1667,bytetrack,65,622.7,274.0,508.9,230.3,227.6,87.4,0.651,1,1
485,20.2083,bytetrack,65,620.2,272.7,505.1,228.2,230.2,89.0,0.636,1,1
486,20.2500,bytetrack,66,617.8,272.0,500.5,228.6,234.7,86.6,0.530,1,1
487,20.2917,bytetrack,66,615.4,271.5,508.1,226.8,214.6,89.3,0.550,1,1
488,20.3333,bytetrack,67,613.2,271.6,499.1,226.7,228.1,89.8,0.586,1,1
489,20.3750,bytetrack,63,611.4,272.7,499.4,228.9,224.1,87.7,0.457,1,1
490,20.4167,bytetrack,63,609.7,274.2,499.4,231.0,220.5,86.4,0.422,1,1
491,20.4583,bytetrack,68,608.2,276.3,495.6,234.4,225.2,83.7,0.512,1,1
492,20.5000,bytetrack,69,606.9,278.8,491.6,238.1,230.7,81.4,0.338,1,1
493,20.5417,bytetrack,69,605.7,281.4,487.4,238.3,236.5,86.2,0.529,1,1
494,20.5833,bytetrack,70,604.7,284.5,487.9,241.9,233.6,85.2,0.517,1,1
495,20.6250,bytetrack,70,604.0,287.8,486.6,243.9,234.8,87.7,0.362,1,1
496,20.6667,kalman_hold,70,602.2,287.4,484.8,243.5,234.8,87.7,0.362,0,0
497,20.7083,bytetrack,70,601.9,290.9,483.4,247.2,237.0,87.4,0.424,1,1
498,20.7500,bytetrack,70,601.8,294.5,481.9,252.8,239.9,83.4,0.416,1,1
499,20.7917,bytetrack,70,602.0,298.3,481.0,254.0,242.0,88.5,0.335,1,1
500,20.8333,bytetrack,70,602.5,302.0,483.1,260.9,238.8,82.2,0.475,1,1
501,20.8750,bytetrack,70,603.0,305.6,485.3,264.1,235.4,83.1,0.518,1,1
502,20.9167,bytetrack,70,603.7,309.3,486.4,267.0,234.7,84.6,0.472,1,1
503,20.9583,bytetrack,70,604.5,313.3,486.9,266.2,235.2,94.0,0.376,1,1
504,21.0000,bytetrack,70,605.4,317.3,486.3,275.2,238.1,84.1,0.476,1,1
505,21.0417,bytetrack,70,606.3,321.2,488.8,279.9,234.9,82.7,0.546,1,1
506,21.0833,bytetrack,70,607.3,325.3,487.4,283.6,239.7,83.4,0.452,1,1
507,21.1250,bytetrack,70,608.4,329.5,490.0,289.1,236.8,80.9,0.363,1,1
508,21.1667,bytetrack,70,609.5,333.7,489.6,292.3,239.7,82.8,0.264,1,1
509,21.2083,bytetrack,70,610.6,337.6,490.2,295.8,240.7,83.5,0.394,1,1
510,21.2500,bytetrack,70,611.7,341.2,491.7,299.6,239.9,83.1,0.472,1,1
511,21.2917,bytetrack,70,612.8,344.4,493.0,302.8,239.8,83.2,0.358,1,1
512,21.3333,bytetrack,71,614.4,347.2,501.0,305.3,226.7,83.8,0.338,1,1
513,21.3750,kalman_hold,71,613.3,347.9,500.0,306.0,226.7,83.8,0.338,0,0
514,21.4167,kalman_hold,71,612.3,348.7,498.9,306.8,226.7,83.8,0.338,0,0
515,21.4583,kalman_hold,71,611.2,349.5,497.9,307.6,226.7,83.8,0.338,0,0
516,21.5000,kalman_hold,71,610.2,350.3,496.8,308.4,226.7,83.8,0.338,0,0
517,21.5417,kalman_hold,71,609.2,351.0,495.8,309.1,226.7,83.8,0.338,0,0
518,21.5833,kalman_hold,71,608.1,351.8,494.8,309.9,226.7,83.8,0.338,0,0
519,21.6250,kalman_hold,71,607.1,352.6,493.7,310.7,226.7,83.8,0.338,0,0
520,21.6667,kalman_hold,71,606.0,353.3,492.7,311.5,226.7,83.8,0.338,0,0
521,21.7083,kalman_hold,71,605.0,354.1,491.6,312.2,226.7,83.8,0.338,0,0
522,21.7500,bytetrack,72,608.6,338.6,475.1,283.0,266.9,111.1,0.714,1,1
523,21.7917,bytetrack,73,612.2,323.5,475.8,269.0,272.7,109.0,0.703,1,1
524,21.8333,bytetrack,73,615.3,309.0,483.9,247.7,262.8,122.7,0.654,1,1
525,21.8750,bytetrack,74,617.0,294.9,496.0,242.3,242.0,105.2,0.577,1,1
526,21.9167,bytetrack,74,618.6,281.2,492.9,221.2,251.4,119.9,0.602,1,1
527,21.9583,bytetrack,75,620.1,266.7,496.6,216.2,247.1,101.0,0.628,1,1
528,22.0000,bytetrack,75,621.2,253.2,498.6,195.4,245.2,115.6,0.551,1,1
529,22.0417,bytetrack,75,622.3,240.1,498.1,180.8,248.4,118.6,0.668,1,1
530,22.0833,bytetrack,75,623.1,227.7,499.0,168.6,248.2,118.3,0.653,1,1
531,22.1250,bytetrack,75,623.9,215.5,500.8,162.6,246.2,105.7,0.690,1,1
532,22.1667,bytetrack,75,624.4,204.3,496.7,145.0,255.5,118.5,0.651,1,1
533,22.2083,bytetrack,75,624.7,193.5,495.6,138.9,258.4,109.3,0.635,1,1
534,22.2500,bytetrack,75,625.1,183.6,494.3,126.1,261.6,115.0,0.596,1,1
535,22.2917,bytetrack,75,625.3,174.4,494.7,118.7,261.3,111.2,0.627,1,1
536,22.3333,bytetrack,75,625.8,165.9,490.9,104.8,270.0,122.1,0.614,1,1
537,22.3750,bytetrack,75,626.0,158.5,491.2,98.7,269.5,119.6,0.522,1,1
538,22.4167,bytetrack,75,626.2,151.8,491.0,87.0,270.3,129.5,0.612,1,1
539,22.4583,bytetrack,75,626.1,145.8,494.0,80.6,264.2,130.5,0.610,1,1
540,22.5000,bytetrack,75,626.3,140.5,489.6,72.7,273.3,135.6,0.558,1,1
541,22.5417,bytetrack,75,626.6,135.8,487.4,66.9,278.5,137.8,0.516,1,1
542,22.5833,bytetrack,76,626.9,132.0,488.4,68.7,277.0,126.7,0.581,1,1
543,22.6250,bytetrack,76,627.0,129.0,489.8,66.4,274.3,125.4,0.592,1,1
544,22.6667,bytetrack,76,627.2,126.6,488.0,63.0,278.5,127.1,0.650,1,1
545,22.7083,bytetrack,76,627.3,124.8,490.4,63.2,273.7,123.2,0.635,1,1
546,22.7500,bytetrack,77,627.3,124.0,490.5,58.1,273.6,131.9,0.668,1,1
547,22.7917,bytetrack,77,627.4,123.7,491.4,59.3,272.0,128.9,0.632,1,1
548,22.8333,bytetrack,77,627.3,123.9,490.7,59.9,273.3,127.9,0.598,1,1
549,22.8750,bytetrack,77,626.9,124.6,495.9,61.7,262.0,125.7,0.641,1,1
550,22.9167,bytetrack,77,626.7,125.7,490.0,59.9,273.4,131.7,0.604,1,1
551,22.9583,bytetrack,78,626.5,127.7,490.5,64.8,272.1,125.9,0.557,1,1
552,23.0000,bytetrack,78,626.4,129.9,487.7,70.4,277.2,118.9,0.583,1,1
553,23.0417,bytetrack,78,626.1,132.3,485.9,72.7,280.3,119.3,0.407,1,1
554,23.0833,bytetrack,78,625.8,135.0,484.8,74.5,282.0,120.9,0.315,2,2
555,23.1250,bytetrack,78,625.6,138.2,486.3,78.1,278.4,120.2,0.382,1,1
556,23.1667,bytetrack,80,624.8,142.0,486.0,80.9,277.7,122.2,0.259,2,2
557,23.2083,bytetrack,80,624.1,145.8,484.9,86.5,278.4,118.5,0.456,2,2
558,23.2500,bytetrack,80,623.7,149.8,481.8,89.6,283.7,120.5,0.305,2,2
559,23.2917,bytetrack,80,623.3,154.0,479.4,93.3,287.8,121.4,0.384,2,2
560,23.3333,bytetrack,79,635.6,160.5,220.2,54.7,830.9,211.6,0.512,1,1
561,23.3750,bytetrack,79,647.5,167.1,232.7,64.0,829.6,206.1,0.540,2,2
562,23.4167,bytetrack,79,659.0,173.5,243.4,70.6,831.0,205.8,0.526,2,2
563,23.4583,bytetrack,79,669.9,179.8,253.3,79.0,833.4,201.5,0.494,2,2
564,23.5000,bytetrack,79,680.4,185.9,261.6,82.7,837.7,206.5,0.503,2,2
565,23.5417,bytetrack,79,690.2,192.8,264.5,71.2,851.4,243.0,0.368,2,2
566,23.5833,bytetrack,79,699.8,199.4,277.7,76.7,844.2,245.4,0.419,2,2
567,23.6250,bytetrack,79,708.9,206.0,281.6,81.6,854.6,248.9,0.353,2,2
568,23.6667,bytetrack,79,717.6,212.4,290.0,88.8,855.1,247.2,0.315,2,2
569,23.7083,bytetrack,79,726.1,218.6,302.5,95.2,847.2,246.9,0.439,2,2
570,23.7500,bytetrack,79,734.3,223.6,311.9,124.2,844.8,198.7,0.445,2,2
571,23.7917,bytetrack,79,742.3,229.0,327.3,121.5,830.1,215.0,0.363,2,2
572,23.8333,bytetrack,79,750.0,234.8,325.8,112.6,848.3,244.4,0.372,2,2
573,23.8750,bytetrack,79,757.3,240.4,333.6,116.2,847.5,248.4,0.390,3,3
574,23.9167,bytetrack,79,764.4,246.2,340.0,110.8,848.7,270.6,0.303,2,2
575,23.9583,bytetrack,79,771.2,251.7,346.8,101.8,848.7,299.8,0.302,2,2
576,24.0000,bytetrack,81,766.3,255.1,598.1,189.5,336.3,131.2,0.667,1,1
577,24.0417,bytetrack,81,761.6,258.4,595.2,191.5,332.7,133.9,0.638,1,1
578,24.0833,bytetrack,81,757.0,261.6,589.3,200.0,335.4,123.2,0.636,1,1
579,24.1250,bytetrack,81,752.6,264.4,585.3,195.4,334.7,138.0,0.539,1,1
580,24.1667,bytetrack,81,748.6,267.2,581.4,197.3,334.4,139.8,0.506,1,1
581,24.2083,bytetrack,81,744.7,269.8,572.1,198.9,345.3,141.8,0.499,1,1
582,24.2500,bytetrack,81,740.9,272.5,565.9,187.6,349.8,169.9,0.546,1,1
583,24.2917,bytetrack,81,737.1,275.1,558.7,190.0,356.8,170.1,0.598,1,1
584,24.3333,bytetrack,81,733.3,277.6,551.9,197.0,362.7,161.3,0.446,1,1
585,24.3750,bytetrack,81,729.4,279.4,553.0,193.8,352.8,171.2,0.531,1,1
586,24.4167,bytetrack,81,725.5,280.6,549.0,188.1,353.0,185.0,0.618,1,1
587,24.4583,bytetrack,81,721.4,282.1,543.8,196.6,355.0,171.0,0.538,1,1
588,24.5000,bytetrack,81,716.9,283.8,534.7,198.4,364.4,170.8,0.570,1,1
589,24.5417,bytetrack,81,712.4,285.3,530.8,200.0,363.1,170.6,0.454,1,1
590,24.5833,bytetrack,81,707.9,286.6,526.4,215.5,363.1,142.2,0.426,3,3
591,24.6250,bytetrack,81,702.9,287.9,522.1,219.1,361.5,137.6,0.651,3,3
592,24.6667,bytetrack,81,698.0,288.9,511.6,217.6,372.9,142.6,0.733,1,1
593,24.7083,bytetrack,86,693.6,290.1,491.9,194.9,403.6,190.3,0.561,1,1
594,24.7500,bytetrack,86,688.9,291.4,492.5,196.2,392.8,190.4,0.579,1,1
595,24.7917,bytetrack,86,684.1,292.4,490.7,201.7,386.8,181.4,0.489,4,4
596,24.8333,bytetrack,88,678.5,292.9,504.7,221.2,347.6,143.2,0.585,3,3
597,24.8750,bytetrack,88,673.0,293.3,498.6,224.0,348.7,138.5,0.770,1,1
598,24.9167,bytetrack,88,667.4,293.6,493.7,223.0,347.4,141.1,0.764,1,1
599,24.9583,bytetrack,88,662.1,294.0,486.2,225.0,351.7,137.9,0.752,1,1
600,25.0000,bytetrack,88,656.7,294.5,477.8,224.1,357.8,140.9,0.763,1,1
601,25.0417,bytetrack,88,651.5,294.8,470.6,227.4,361.7,134.9,0.777,1,1
602,25.0833,bytetrack,88,646.3,294.9,464.5,230.0,363.7,129.8,0.787,1,1
603,25.1250,bytetrack,88,641.4,294.9,459.1,228.6,364.6,132.6,0.810,1,1
604,25.1667,bytetrack,88,636.4,294.9,452.1,229.5,368.5,131.0,0.824,1,1
605,25.2083,bytetrack,88,631.6,294.9,445.0,229.6,373.3,130.6,0.826,1,1
606,25.2500,bytetrack,88,626.9,294.8,442.4,232.7,369.1,124.2,0.823,1,1
607,25.2917,bytetrack,88,622.5,294.6,435.6,231.3,373.7,126.7,0.808,1,1
608,25.3333,bytetrack,88,618.1,294.3,429.9,230.7,376.5,127.3,0.797,1,1
609,25.3750,bytetrack,88,613.7,293.8,427.6,224.1,372.2,139.5,0.766,1,1
610,25.4167,bytetrack,88,609.4,293.4,425.0,217.5,368.8,151.7,0.785,1,1
611,25.4583,bytetrack,88,605.2,292.9,419.8,219.1,370.9,147.5,0.808,1,1
612,25.5000,bytetrack,88,601.2,292.1,416.1,222.6,370.2,139.0,0.800,1,1
613,25.5417,bytetrack,88,597.3,291.2,410.1,222.0,374.3,138.3,0.795,1,1
614,25.5833,bytetrack,88,593.4,289.9,405.1,219.8,376.6,140.0,0.789,1,1
615,25.6250,bytetrack,88,589.7,288.4,400.6,220.6,378.2,135.6,0.784,1,1
616,25.6667,bytetrack,88,586.2,286.8,392.4,219.3,387.6,135.1,0.778,1,1
617,25.7083,bytetrack,88,582.8,285.2,388.1,215.8,389.4,138.9,0.756,1,1
618,25.7500,bytetrack,89,579.7,282.7,383.4,209.3,392.7,146.8,0.792,1,1
619,25.7917,bytetrack,89,576.8,280.2,378.5,207.1,396.5,146.1,0.795,1,1
620,25.8333,bytetrack,89,573.9,277.6,373.6,202.8,400.7,149.6,0.834,1,1
621,25.8750,bytetrack,89,571.0,275.0,372.2,201.9,397.6,146.2,0.785,1,1
622,25.9167,bytetrack,89,568.2,272.3,366.6,202.5,403.1,139.6,0.797,1,1
623,25.9583,bytetrack,89,565.3,269.2,360.2,189.8,410.3,159.0,0.748,1,1
624,26.0000,bytetrack,89,562.5,266.5,356.6,200.6,411.8,131.7,0.733,1,1
625,26.0417,bytetrack,89,560.1,263.7,351.5,192.7,417.1,141.9,0.690,1,1
626,26.0833,bytetrack,90,557.8,259.9,353.3,168.2,409.0,183.3,0.741,1,1
627,26.1250,bytetrack,90,555.9,256.1,349.0,161.3,413.8,189.7,0.755,1,1
628,26.1667,bytetrack,90,554.5,251.9,347.2,159.7,414.6,184.5,0.775,1,1
629,26.2083,bytetrack,90,553.4,248.1,344.6,162.4,417.5,171.3,0.775,1,1
630,26.2500,bytetrack,90,552.5,244.6,342.3,166.5,420.3,156.1,0.816,1,1
631,26.2917,bytetrack,90,552.1,241.2,340.0,162.4,424.2,157.6,0.790,1,1
632,26.3333,bytetrack,90,551.9,238.1,339.7,161.2,424.5,153.7,0.785,1,1
633,26.3750,bytetrack,90,552.0,234.9,341.9,155.8,420.3,158.0,0.790,1,1
634,26.4167,bytetrack,90,552.2,231.3,341.7,143.2,421.1,176.2,0.797,1,1
635,26.4583,bytetrack,90,552.5,227.8,341.4,140.4,422.1,174.7,0.791,1,1
636,26.5000,bytetrack,90,552.8,224.5,341.8,132.6,422.0,183.8,0.774,1,1
637,26.5417,bytetrack,90,553.1,221.1,342.4,131.4,421.3,179.4,0.805,1,1
638,26.5833,bytetrack,90,553.4,216.9,341.8,114.9,423.1,204.0,0.774,1,1
639,26.6250,bytetrack,90,553.7,213.3,341.4,118.7,424.6,189.3,0.728,1,1
640,26.6667,bytetrack,90,554.0,209.8,341.7,101.3,424.7,216.9,0.656,1,1
641,26.7083,bytetrack,90,554.3,206.2,342.2,91.0,424.2,230.4,0.599,1,1
642,26.7500,bytetrack,90,554.4,203.0,347.7,80.4,413.3,245.2,0.636,1,1
643,26.7917,bytetrack,91,554.8,200.9,344.9,116.0,419.8,169.7,0.658,1,1
644,26.8333,bytetrack,91,555.2,199.2,347.5,118.5,415.4,161.5,0.718,1,1
645,26.8750,bytetrack,91,555.7,197.8,352.3,114.9,406.9,165.7,0.769,1,1
646,26.9167,bytetrack,91,556.5,196.7,355.2,118.3,402.5,156.7,0.292,2,2
647,26.9583,bytetrack,93,557.8,196.8,362.6,119.8,390.4,153.9,0.647,1,1
648,27.0000,bytetrack,93,559.6,197.0,367.7,123.3,383.8,147.4,0.613,1,1
649,27.0417,bytetrack,93,561.7,197.4,373.0,120.4,377.5,153.9,0.452,1,1
650,27.0833,bytetrack,93,564.3,198.3,376.1,125.6,376.4,145.4,0.383,1,1
651,27.1250,bytetrack,93,567.3,199.1,389.0,133.3,356.4,131.6,0.574,1,1
652,27.1667,bytetrack,94,571.3,200.5,392.4,143.6,357.8,113.8,0.724,1,1
653,27.2083,bytetrack,94,575.1,201.8,396.1,141.9,357.9,119.9,0.734,1,1
654,27.2500,bytetrack,94,578.7,203.2,405.4,143.5,346.5,119.5,0.698,1,1
655,27.2917,bytetrack,94,582.2,204.7,411.7,144.3,340.9,120.7,0.694,1,1
656,27.3333,bytetrack,94,585.3,206.2,416.9,149.0,336.9,114.3,0.660,1,1
657,27.3750,bytetrack,94,588.3,207.6,429.3,150.8,318.0,113.7,0.703,1,1
658,27.4167,bytetrack,94,591.2,209.2,437.5,153.1,307.5,112.2,0.651,1,1
659,27.4583,bytetrack,94,594.1,210.8,441.2,158.4,305.9,104.9,0.638,1,1
660,27.5000,bytetrack,94,597.1,212.4,443.2,159.3,307.7,106.3,0.657,1,1
661,27.5417,bytetrack,94,599.9,214.1,452.0,157.1,295.8,113.9,0.695,1,1
662,27.5833,bytetrack,94,602.9,215.9,457.4,156.1,291.1,119.6,0.721,1,1
663,27.6250,bytetrack,94,606.0,217.7,460.2,160.5,291.7,114.4,0.684,1,1
664,27.6667,bytetrack,94,609.0,219.5,467.3,159.1,283.4,120.7,0.662,1,1
665,27.7083,bytetrack,94,611.7,221.3,469.1,169.6,285.3,103.4,0.687,1,1
666,27.7500,bytetrack,94,614.5,223.2,472.3,167.3,284.4,111.8,0.676,1,1
667,27.7917,bytetrack,94,617.3,225.2,476.6,170.7,281.4,108.8,0.638,1,1
668,27.8333,bytetrack,94,620.1,227.1,483.2,175.2,273.9,103.7,0.653,1,1
669,27.8750,bytetrack,94,622.8,229.0,484.6,175.2,276.4,107.5,0.637,1,1
670,27.9167,bytetrack,94,625.3,230.9,487.0,182.8,276.7,96.1,0.609,1,1
671,27.9583,bytetrack,94,627.6,232.8,488.8,184.4,277.7,96.7,0.552,1,1
672,28.0000,bytetrack,94,629.8,234.7,490.4,184.8,278.6,99.7,0.566,1,1
673,28.0417,bytetrack,94,631.9,236.5,494.7,187.4,274.4,98.2,0.552,1,1
674,28.0833,bytetrack,94,634.0,238.2,497.7,187.5,272.6,101.4,0.561,1,1
675,28.1250,bytetrack,94,635.9,239.9,499.6,188.8,272.6,102.1,0.633,1,1
676,28.1667,bytetrack,94,637.4,241.5,502.1,193.3,270.5,96.5,0.566,1,1
677,28.2083,bytetrack,94,638.6,243.2,504.4,194.3,268.5,97.8,0.527,1,1
678,28.2500,bytetrack,94,639.6,244.8,506.6,194.5,266.0,100.6,0.589,1,1
679,28.2917,bytetrack,94,640.3,246.1,508.4,198.3,263.7,95.7,0.572,1,1
680,28.3333,bytetrack,94,640.7,247.5,508.5,198.5,264.5,98.0,0.567,1,1
681,28.3750,bytetrack,94,641.2,248.7,507.9,197.6,266.6,102.1,0.581,1,1
682,28.4167,bytetrack,94,641.5,249.9,508.7,201.5,265.7,96.9,0.578,1,1
683,28.4583,bytetrack,94,641.9,251.1,509.8,200.6,264.1,101.0,0.559,1,1
684,28.5000,bytetrack,94,642.1,252.3,508.0,199.0,268.1,106.7,0.576,1,1
685,28.5417,bytetrack,94,642.2,253.5,507.6,199.7,269.1,107.7,0.516,1,1
686,28.5833,bytetrack,94,641.7,254.4,506.6,199.0,270.2,110.9,0.470,1,1
687,28.6250,bytetrack,94,640.7,255.3,510.6,198.3,260.1,114.1,0.482,1,1
688,28.6667,bytetrack,94,639.5,256.3,507.0,201.5,265.0,109.7,0.538,1,1
689,28.7083,bytetrack,94,638.0,257.5,504.5,205.6,266.9,103.8,0.579,1,1
690,28.7500,bytetrack,94,635.9,258.7,504.5,212.3,262.9,92.8,0.572,1,1
691,28.7917,bytetrack,94,633.4,259.9,502.9,215.3,261.1,89.4,0.545,1,1
692,28.8333,bytetrack,94,630.7,261.2,496.2,216.3,269.0,89.8,0.616,1,1
693,28.8750,bytetrack,94,627.6,262.4,498.0,218.7,259.2,87.3,0.649,1,1
694,28.9167,bytetrack,94,624.5,263.7,493.8,220.1,261.5,87.2,0.700,1,1
695,28.9583,bytetrack,94,621.3,264.7,495.3,220.6,252.0,88.2,0.729,1,1
696,29.0000,bytetrack,94,618.3,265.7,492.7,222.4,251.3,86.6,0.676,1,1
697,29.0417,bytetrack,94,615.3,266.6,489.1,223.9,252.4,85.4,0.616,1,1
698,29.0833,bytetrack,94,612.3,267.5,488.0,224.9,248.8,85.2,0.634,1,1
699,29.1250,bytetrack,94,609.3,268.4,487.1,226.0,244.3,84.7,0.617,1,1
700,29.1667,bytetrack,94,606.1,269.2,487.7,227.1,236.7,84.3,0.677,1,1
701,29.2083,bytetrack,94,602.9,270.0,485.4,227.6,234.9,84.9,0.686,1,1
702,29.2500,bytetrack,94,599.7,270.8,482.6,228.0,234.1,85.6,0.667,1,1
703,29.2917,bytetrack,94,596.5,271.5,478.1,228.6,236.9,85.8,0.655,1,1
704,29.3333,bytetrack,94,593.5,272.2,474.8,229.9,237.5,84.6,0.649,1,1
705,29.3750,bytetrack,94,590.6,272.8,471.5,230.5,238.2,84.7,0.627,1,1
706,29.4167,bytetrack,94,587.8,273.4,468.1,231.0,239.4,84.8,0.616,1,1
707,29.4583,bytetrack,94,585.2,273.9,464.3,231.6,241.7,84.6,0.640,1,1
708,29.5000,bytetrack,94,582.8,274.3,462.1,232.6,241.3,83.5,0.588,1,1
709,29.5417,bytetrack,94,580.5,274.8,459.1,233.4,242.9,82.6,0.602,1,1
710,29.5833,bytetrack,94,579.0,274.9,454.1,233.1,249.9,83.7,0.655,1,1
711,29.6250,bytetrack,94,578.0,275.1,450.2,232.9,255.6,84.3,0.618,1,1
712,29.6667,bytetrack,94,577.5,275.0,452.5,231.1,250.0,87.7,0.666,1,1
713,29.7083,bytetrack,94,577.4,274.7,448.1,230.7,258.7,88.0,0.690,1,1
714,29.7500,bytetrack,95,578.2,273.9,444.6,229.2,267.2,89.4,0.695,1,1
715,29.7917,bytetrack,95,579.6,273.0,441.9,228.0,275.4,90.0,0.678,1,1
716,29.8333,bytetrack,95,581.3,271.9,443.9,224.0,274.7,95.9,0.673,1,1
717,29.8750,bytetrack,95,583.4,270.6,440.7,224.9,285.3,91.5,0.689,1,1
718,29.9167,bytetrack,95,585.8,269.4,438.6,220.9,294.4,97.0,0.713,1,1
719,29.9583,bytetrack,96,588.9,267.6,439.6,219.1,298.6,97.1,0.743,1,1
720,30.0000,bytetrack,96,592.0,265.8,440.9,215.6,302.3,100.4,0.746,1,1
721,30.0417,bytetrack,96,595.3,263.8,440.2,210.3,310.3,107.1,0.738,1,1
722,30.0833,bytetrack,96,598.8,261.8,442.1,209.8,313.2,104.0,0.747,1,1
723,30.1250,bytetrack,96,602.2,259.8,444.5,207.9,315.4,103.9,0.744,1,1
724,30.1667,bytetrack,96,605.7,257.7,442.8,197.4,325.6,120.7,0.714,1,1
725,30.2083,bytetrack,96,608.9,255.8,445.6,193.5,326.5,124.6,0.689,1,1
726,30.2500,bytetrack,96,612.0,253.8,448.6,190.6,326.8,126.4,0.712,1,1
727,30.2917,bytetrack,96,615.0,252.0,450.0,185.9,329.9,132.0,0.726,1,1
728,30.3333,bytetrack,96,617.9,250.2,450.3,186.1,335.2,128.2,0.738,1,1
729,30.3750,bytetrack,96,620.0,248.7,444.9,177.9,350.2,141.6,0.705,1,1
730,30.4167,bytetrack,96,621.9,247.3,443.5,175.0,356.8,144.6,0.669,1,1
731,30.4583,bytetrack,97,624.0,246.2,429.4,154.4,389.2,183.6,0.673,1,1
732,30.5000,bytetrack,97,625.7,245.2,427.3,148.2,396.7,194.0,0.696,1,1
733,30.5417,bytetrack,97,626.6,244.0,428.6,150.8,395.9,186.5,0.708,1,1
734,30.5833,bytetrack,97,626.2,243.0,406.8,143.4,438.7,199.2,0.308,2,2
735,30.6250,bytetrack,98,624.4,241.0,415.4,165.3,417.9,151.4,0.681,1,1
736,30.6667,bytetrack,99,622.3,239.6,402.6,147.2,439.4,184.9,0.700,1,1
737,30.7083,bytetrack,98,619.2,238.0,389.7,156.9,458.9,162.1,0.673,1,1
738,30.7500,bytetrack,98,615.4,236.5,383.4,158.1,463.9,156.7,0.804,1,1
739,30.7917,bytetrack,100,611.7,235.2,375.2,133.1,472.9,204.1,0.772,1,1
740,30.8333,bytetrack,100,608.0,234.6,367.0,122.8,482.0,223.5,0.736,1,1
741,30.8750,bytetrack,100,604.9,234.4,354.6,120.3,500.6,228.1,0.713,1,1
742,30.9167,bytetrack,100,602.4,235.1,341.8,125.8,521.1,218.7,0.671,1,1
743,30.9583,bytetrack,100,600.5,236.4,339.9,118.4,521.2,235.9,0.689,1,1
744,31.0000,bytetrack,100,598.8,237.8,335.6,117.0,526.4,241.6,0.673,1,1
745,31.0417,bytetrack,100,597.4,239.9,329.7,128.5,535.4,222.8,0.687,1,1
746,31.0833,bytetrack,100,596.3,241.9,327.2,125.2,538.1,233.5,0.592,1,1
747,31.1250,bytetrack,100,595.9,244.3,322.6,131.4,546.7,225.7,0.662,1,1
748,31.1667,bytetrack,101,596.9,247.6,319.2,138.4,555.3,218.4,0.642,2,2
749,31.2083,bytetrack,101,598.2,251.0,324.4,127.4,547.6,247.1,0.707,1,1
750,31.2500,bytetrack,101,600.2,254.7,323.8,131.7,552.7,245.9,0.772,1,1
751,31.2917,bytetrack,101,602.7,259.0,324.7,137.3,556.1,243.4,0.778,1,1
752,31.3333,bytetrack,101,605.6,263.7,327.5,147.4,556.2,232.5,0.763,1,1
753,31.3750,bytetrack,103,609.7,269.2,328.7,160.1,562.0,218.4,0.707,1,1
754,31.4167,bytetrack,103,614.6,275.0,333.4,168.6,562.5,212.9,0.734,1,1
755,31.4583,bytetrack,103,620.2,281.1,340.8,175.3,558.8,211.6,0.749,1,1
756,31.5000,bytetrack,103,625.9,286.8,350.5,182.5,550.9,208.6,0.763,1,1
757,31.5417,bytetrack,103,631.4,292.3,367.3,201.3,528.1,182.0,0.723,1,1
758,31.5833,bytetrack,103,636.9,297.5,381.8,201.4,510.2,192.2,0.748,1,1
759,31.6250,bytetrack,103,642.8,302.5,397.2,210.9,491.2,183.2,0.764,1,1
760,31.6667,bytetrack,103,648.1,307.3,411.7,222.2,472.9,170.2,0.766,1,1
761,31.7083,bytetrack,103,653.0,312.0,420.0,219.3,466.0,185.4,0.717,1,1
762,31.7500,bytetrack,103,656.9,316.7,431.0,225.2,451.8,183.1,0.710,1,1
763,31.7917,bytetrack,103,660.5,321.0,431.8,232.9,457.4,176.1,0.676,1,1
764,31.8333,bytetrack,104,664.0,324.7,450.5,252.9,426.9,143.5,0.727,1,1
765,31.8750,bytetrack,104,667.3,328.1,458.5,255.5,417.8,145.4,0.733,1,1
766,31.9167,bytetrack,104,670.6,331.5,465.8,255.1,409.7,152.7,0.745,1,1
767,31.9583,bytetrack,104,674.6,334.8,472.1,248.4,405.0,172.8,0.633,1,1
768,32.0000,bytetrack,104,678.9,337.2,477.4,263.0,403.1,148.5,0.727,1,1
769,32.0417,bytetrack,104,682.9,339.4,490.3,265.9,385.3,147.1,0.695,1,1
770,32.0833,bytetrack,104,687.0,341.6,500.4,268.5,373.2,146.2,0.673,1,1
771,32.1250,bytetrack,104,691.2,343.5,511.5,272.4,359.5,142.1,0.628,1,1
772,32.1667,bytetrack,104,695.3,345.0,518.4,278.6,353.8,132.7,0.558,2,2
773,32.2083,bytetrack,104,699.0,346.3,529.4,285.7,339.2,121.2,0.600,2,2
774,32.2500,bytetrack,104,702.9,347.2,535.1,286.0,335.5,122.4,0.639,2,2
775,32.2917,bytetrack,104,707.3,347.8,534.0,281.9,346.5,131.9,0.615,2,2
776,32.3333,bytetrack,104,711.6,348.2,540.1,282.2,343.0,132.1,0.738,1,1
777,32.3750,bytetrack,104,715.4,348.8,545.6,279.9,339.5,137.7,0.659,1,1
778,32.4167,bytetrack,104,719.1,349.2,554.0,268.4,330.3,161.5,0.607,1,1
779,32.4583,bytetrack,104,722.6,349.6,557.9,274.8,329.4,149.5,0.667,1,1
780,32.5000,bytetrack,104,725.8,349.6,567.2,276.4,317.4,146.3,0.722,1,1
781,32.5417,bytetrack,104,729.0,349.3,572.3,275.0,313.4,148.6,0.636,1,1
782,32.5833,bytetrack,104,731.7,348.7,580.9,286.6,301.7,124.1,0.647,1,1
783,32.6250,bytetrack,104,734.6,348.0,586.6,292.7,296.0,110.6,0.611,1,1
784,32.6667,bytetrack,104,737.2,347.4,592.0,289.0,290.5,116.9,0.467,1,1
785,32.7083,bytetrack,104,739.7,346.6,597.7,292.6,284.1,108.0,0.296,1,1
786,32.7500,bytetrack,104,742.2,345.6,600.8,298.3,282.8,94.5,0.373,1,1
787,32.7917,bytetrack,104,744.4,344.5,602.9,297.8,283.0,93.5,0.380,1,1
788,32.8333,bytetrack,104,746.3,343.5,607.0,294.3,278.7,98.6,0.360,1,1
789,32.8750,bytetrack,104,747.9,342.4,612.8,296.8,270.2,91.1,0.453,1,1
790,32.9167,bytetrack,104,749.2,341.2,614.4,290.7,269.6,101.2,0.430,1,1
791,32.9583,bytetrack,104,749.7,340.0,611.9,286.1,275.6,107.9,0.439,1,1
792,33.0000,kalman_hold,104,751.6,340.9,613.8,287.0,275.6,107.9,0.439,0,0
793,33.0417,bytetrack,104,751.0,339.4,619.5,289.8,263.0,99.1,0.557,1,1
794,33.0833,bytetrack,104,750.2,337.9,618.9,287.6,262.6,100.6,0.349,1,1
795,33.1250,bytetrack,104,749.3,336.3,618.6,282.0,261.4,108.4,0.287,1,1
796,33.1667,bytetrack,104,747.7,334.4,620.1,282.0,255.2,104.8,0.326,1,1
797,33.2083,bytetrack,104,746.1,332.5,624.9,280.3,242.4,104.5,0.468,1,1
798,33.2500,bytetrack,104,744.7,330.8,630.5,279.5,228.5,102.6,0.521,1,1
799,33.2917,bytetrack,104,743.2,329.2,628.8,280.0,228.6,98.5,0.479,1,1
800,33.3333,bytetrack,104,741.5,327.7,628.9,279.4,225.3,96.7,0.425,1,1
801,33.3750,bytetrack,104,740.1,326.3,634.2,281.4,211.9,89.8,0.499,1,1
802,33.4167,bytetrack,104,738.4,324.8,630.4,277.5,216.2,94.6,0.531,1,1
803,33.4583,bytetrack,104,736.7,323.4,630.1,277.1,213.3,92.5,0.482,1,1
804,33.5000,bytetrack,104,735.0,322.0,628.3,277.4,213.2,89.3,0.498,1,1
805,33.5417,bytetrack,104,733.1,320.6,627.3,275.8,211.5,89.6,0.569,1,1
806,33.5833,bytetrack,104,731.0,319.2,626.9,275.7,208.3,87.0,0.535,1,1
807,33.6250,bytetrack,104,728.9,317.9,624.9,273.1,208.0,89.6,0.560,1,1
808,33.6667,bytetrack,104,726.8,316.6,622.7,272.3,208.1,88.7,0.526,1,1
809,33.7083,bytetrack,104,724.5,315.4,622.1,270.4,204.8,89.9,0.508,1,1
810,33.7500,bytetrack,104,722.3,314.4,620.6,265.0,203.4,98.8,0.275,1,1
811,33.7917,kalman_hold,104,723.1,314.6,621.4,265.1,203.4,98.8,0.275,0,0
812,33.8333,bytetrack,104,720.6,313.4,618.1,266.6,205.0,93.6,0.444,1,1
813,33.8750,bytetrack,104,718.1,312.2,616.1,265.7,204.0,93.2,0.509,1,1
814,33.9167,bytetrack,104,715.7,311.1,613.6,265.6,204.2,90.9,0.479,1,1
815,33.9583,bytetrack,104,713.3,310.0,612.1,262.5,202.3,94.9,0.374,1,1
816,34.0000,bytetrack,104,710.8,308.9,611.0,261.2,199.6,95.3,0.465,1,1
817,34.0417,bytetrack,104,708.3,307.8,609.3,258.6,198.2,98.5,0.463,1,1
818,34.0833,bytetrack,104,705.9,306.7,607.1,260.0,197.7,93.5,0.449,1,1
819,34.1250,bytetrack,104,703.6,305.7,606.6,260.0,194.0,91.3,0.341,1,1
820,34.1667,bytetrack,104,701.3,304.4,602.4,255.7,197.8,97.4,0.446,1,1
821,34.2083,bytetrack,104,699.2,303.3,599.4,253.0,199.6,100.6,0.371,1,1
822,34.2500,kalman_hold,104,699.4,303.2,599.6,252.9,199.6,100.6,0.371,0,0
823,34.2917,bytetrack,104,697.0,301.6,600.0,258.5,194.2,86.1,0.299,1,1
824,34.3333,bytetrack,104,694.8,299.9,598.5,255.4,192.5,89.2,0.388,1,1
825,34.3750,bytetrack,104,692.6,298.3,595.3,255.2,194.7,86.3,0.406,1,1
826,34.4167,bytetrack,104,690.8,296.9,591.2,252.6,199.2,88.5,0.358,1,1
827,34.4583,kalman_hold,104,690.8,296.7,591.2,252.5,199.2,88.5,0.358,0,0
828,34.5000,kalman_hold,104,690.9,296.5,591.2,252.3,199.2,88.5,0.358,0,0
829,34.5417,kalman_hold,104,690.9,296.3,591.3,252.1,199.2,88.5,0.358,0,0
830,34.5833,kalman_hold,104,690.9,296.2,591.3,251.9,199.2,88.5,0.358,0,0
831,34.6250,kalman_hold,104,690.9,296.0,591.3,251.7,199.2,88.5,0.358,0,0
832,34.6667,kalman_hold,104,691.0,295.8,591.3,251.6,199.2,88.5,0.358,0,0
833,34.7083,bytetrack,106,689.4,295.9,597.6,258.6,183.6,74.5,0.323,1,1
834,34.7500,kalman_hold,106,689.4,295.7,597.6,258.4,183.6,74.5,0.323,0,0
835,34.7917,kalman_hold,106,689.4,295.5,597.6,258.3,183.6,74.5,0.323,0,0
836,34.8333,kalman_hold,106,689.4,295.3,597.6,258.1,183.6,74.5,0.323,0,0
837,34.8750,kalman_hold,106,689.4,295.2,597.6,257.9,183.6,74.5,0.323,0,0
838,34.9167,kalman_hold,106,689.4,295.0,597.6,257.7,183.6,74.5,0.323,0,0
839,34.9583,kalman_hold,106,689.4,294.8,597.6,257.6,183.6,74.5,0.323,0,0
840,35.0000,kalman_hold,106,689.4,294.6,597.6,257.4,183.6,74.5,0.323,0,0
841,35.0417,kalman_hold,106,689.4,294.5,597.6,257.2,183.6,74.5,0.323,0,0
842,35.0833,kalman_hold,106,689.4,294.3,597.6,257.0,183.6,74.5,0.323,0,0
843,35.1250,kalman_hold,106,689.4,294.1,597.5,256.9,183.6,74.5,0.323,0,0
844,35.1667,none,,,,,,,,,0,0
845,35.2083,none,,,,,,,,,0,0
846,35.2500,none,,,,,,,,,0,0
847,35.2917,bytetrack,107,665.2,324.9,571.0,284.3,188.5,81.3,0.443,1,1
848,35.3333,bytetrack,107,665.4,325.0,569.7,285.4,191.3,79.1,0.429,1,1
849,35.3750,kalman_hold,107,665.4,325.0,569.7,285.4,191.3,79.1,0.429,0,0
850,35.4167,kalman_hold,107,665.4,325.0,569.7,285.4,191.3,79.1,0.429,0,0
851,35.4583,kalman_hold,107,665.4,325.0,569.7,285.4,191.3,79.1,0.429,0,0
852,35.5000,kalman_hold,107,665.4,325.0,569.7,285.4,191.3,79.1,0.429,0,0
853,35.5417,bytetrack,107,664.8,324.9,570.9,285.2,187.9,79.5,0.424,1,1
854,35.5833,kalman_hold,107,664.8,324.9,570.9,285.2,187.9,79.5,0.424,0,0
855,35.6250,kalman_hold,107,664.8,324.9,570.9,285.2,187.9,79.5,0.424,0,0
856,35.6667,bytetrack,108,663.6,325.8,575.3,285.2,176.8,81.2,0.309,1,1
857,35.7083,kalman_hold,108,663.6,325.8,575.2,285.2,176.8,81.2,0.309,0,0
858,35.7500,bytetrack,109,661.7,327.2,563.4,282.1,196.7,90.4,0.268,1,1
859,35.7917,kalman_hold,109,661.7,327.3,563.3,282.1,196.7,90.4,0.268,0,0
860,35.8333,kalman_hold,109,661.6,327.3,563.3,282.1,196.7,90.4,0.268,0,0
861,35.8750,kalman_hold,109,661.6,327.3,563.2,282.2,196.7,90.4,0.268,0,0
862,35.9167,kalman_hold,109,661.5,327.4,563.2,282.2,196.7,90.4,0.268,0,0
863,35.9583,kalman_hold,109,661.5,327.4,563.1,282.2,196.7,90.4,0.268,0,0
864,36.0000,bytetrack,109,659.7,328.6,562.9,286.1,193.6,85.0,0.337,1,1
865,36.0417,bytetrack,109,657.1,329.3,547.0,286.1,220.2,86.5,0.466,1,1
866,36.0833,bytetrack,109,655.1,330.0,551.8,287.9,206.7,84.2,0.262,1,1
867,36.1250,bytetrack,109,653.2,330.2,548.6,287.4,209.1,85.6,0.341,1,1
868,36.1667,bytetrack,109,651.7,330.1,545.8,290.0,211.8,80.1,0.408,1,1
869,36.2083,bytetrack,109,649.8,330.1,541.3,288.0,217.1,84.2,0.477,1,1
870,36.2500,bytetrack,109,647.9,330.4,539.6,285.5,216.6,89.9,0.479,1,1
871,36.2917,bytetrack,109,646.0,331.0,535.4,285.1,221.2,91.8,0.308,1,1
872,36.3333,bytetrack,109,644.3,331.6,533.0,288.3,222.6,86.5,0.493,1,1
873,36.3750,bytetrack,109,642.5,332.1,529.4,289.0,226.1,86.2,0.528,1,1
874,36.4167,bytetrack,109,640.7,332.6,526.5,289.3,228.4,86.6,0.472,1,1
875,36.4583,bytetrack,109,639.0,333.1,524.9,289.7,228.3,86.8,0.520,1,1
876,36.5000,bytetrack,109,637.4,333.6,523.4,290.0,228.2,87.1,0.516,1,1
877,36.5417,bytetrack,109,635.9,334.0,522.0,290.5,227.8,87.1,0.521,1,1
878,36.5833,bytetrack,109,634.7,334.5,522.4,290.9,224.6,87.1,0.426,1,1
879,36.6250,bytetrack,109,633.5,334.9,521.0,292.3,225.1,85.0,0.478,1,1
880,36.6667,bytetrack,109,632.4,335.3,520.1,291.9,224.5,86.8,0.476,1,1
881,36.7083,bytetrack,109,631.3,335.8,519.0,291.9,224.6,87.8,0.503,1,1
882,36.7500,bytetrack,109,630.3,336.1,518.7,294.3,223.1,83.6,0.375,1,1
883,36.7917,bytetrack,109,629.2,336.4,518.8,296.5,220.8,79.7,0.253,1,1
884,36.8333,kalman_hold,109,628.6,336.6,518.2,296.7,220.8,79.7,0.253,0,0
885,36.8750,kalman_hold,109,628.0,336.7,517.5,296.9,220.8,79.7,0.253,0,0
886,36.9167,bytetrack,109,627.1,336.7,518.5,296.1,217.1,81.3,0.393,1,1
887,36.9583,bytetrack,109,626.6,336.5,515.6,294.3,222.1,84.4,0.400,1,1
888,37.0000,kalman_hold,109,626.0,336.7,515.0,294.4,222.1,84.4,0.400,0,0
889,37.0417,bytetrack,109,625.6,336.1,518.3,293.7,214.5,84.8,0.419,1,1
890,37.0833,bytetrack,109,625.7,335.6,517.1,292.2,217.2,86.9,0.563,1,1
891,37.1250,bytetrack,109,626.1,335.1,517.3,290.9,217.6,88.4,0.595,1,1
892,37.1667,bytetrack,109,627.6,334.6,519.7,292.5,215.8,84.2,0.526,1,1
893,37.2083,bytetrack,109,629.1,334.3,525.1,290.8,208.0,86.9,0.545,1,1
894,37.2500,bytetrack,109,630.7,334.3,524.8,293.1,211.8,82.4,0.458,1,1
895,37.2917,bytetrack,109,632.5,334.1,527.9,292.3,209.2,83.7,0.536,1,1
896,37.3333,bytetrack,109,634.3,334.2,528.1,290.7,212.5,87.1,0.481,1,1
897,37.3750,kalman_hold,109,634.0,334.3,527.8,290.7,212.5,87.1,0.481,0,0
898,37.4167,kalman_hold,109,633.7,334.4,527.5,290.8,212.5,87.1,0.481,0,0
899,37.4583,kalman_hold,109,633.4,334.5,527.1,290.9,212.5,87.1,0.481,0,0
900,37.5000,kalman_hold,109,633.0,334.5,526.8,291.0,212.5,87.1,0.481,0,0
901,37.5417,bytetrack,110,637.7,334.9,540.6,292.1,194.2,85.6,0.328,1,1
902,37.5833,bytetrack,110,642.3,335.2,547.5,291.8,189.5,86.8,0.368,1,1
903,37.6250,bytetrack,110,646.2,335.5,559.1,291.7,174.2,87.7,0.316,1,1
904,37.6667,kalman_hold,110,646.2,335.6,559.1,291.8,174.2,87.7,0.316,0,0
905,37.7083,kalman_hold,110,646.2,335.8,559.1,291.9,174.2,87.7,0.316,0,0
906,37.7500,kalman_hold,110,646.2,335.9,559.1,292.0,174.2,87.7,0.316,0,0
907,37.7917,kalman_hold,110,646.2,336.0,559.1,292.1,174.2,87.7,0.316,0,0
908,37.8333,kalman_hold,110,646.2,336.1,559.1,292.2,174.2,87.7,0.316,0,0
909,37.8750,kalman_hold,110,646.2,336.2,559.1,292.3,174.2,87.7,0.316,0,0
910,37.9167,kalman_hold,110,646.1,336.3,559.0,292.5,174.2,87.7,0.316,0,0
911,37.9583,kalman_hold,110,646.1,336.4,559.0,292.6,174.2,87.7,0.316,0,0
912,38.0000,kalman_hold,110,646.1,336.5,559.0,292.7,174.2,87.7,0.316,0,0
913,38.0417,kalman_hold,110,646.1,336.6,559.0,292.8,174.2,87.7,0.316,0,0
914,38.0833,none,,,,,,,,,0,0
915,38.1250,none,,,,,,,,,0,0
916,38.1667,none,,,,,,,,,0,0
917,38.2083,none,,,,,,,,,0,0
918,38.2500,none,,,,,,,,,0,0
919,38.2917,none,,,,,,,,,0,0
920,38.3333,none,,,,,,,,,0,0
921,38.3750,none,,,,,,,,,0,0
922,38.4167,none,,,,,,,,,0,0
923,38.4583,none,,,,,,,,,0,0
924,38.5000,none,,,,,,,,,0,0
925,38.5417,bytetrack,111,916.1,172.1,554.9,66.9,722.2,210.4,0.361,1,1
926,38.5833,bytetrack,111,916.2,173.0,558.2,78.6,715.9,188.8,0.256,1,1
927,38.6250,bytetrack,112,771.0,173.2,262.0,34.3,1018.0,277.9,0.340,1,1
928,38.6667,bytetrack,112,764.7,174.5,249.3,32.4,1030.7,284.2,0.291,2,2
929,38.7083,kalman_hold,112,824.3,174.5,368.6,32.4,911.4,284.2,0.291,0,0
930,38.7500,kalman_hold,112,854.1,174.5,428.1,32.4,851.9,284.2,0.291,0,0
931,38.7917,kalman_hold,112,868.9,174.5,457.7,32.4,822.3,284.2,0.291,0,0
932,38.8333,kalman_hold,112,876.2,174.5,472.4,32.4,807.6,284.2,0.291,0,0
933,38.8750,bytetrack,112,756.7,176.2,233.4,13.3,1046.6,325.7,0.292,1,1
934,38.9167,kalman_hold,112,812.0,176.2,344.0,13.4,936.0,325.7,0.292,0,0
935,38.9583,kalman_hold,112,839.5,176.3,399.0,13.4,881.0,325.7,0.292,0,0
936,39.0000,kalman_hold,112,853.0,176.3,426.1,13.4,853.9,325.7,0.292,0,0
937,39.0417,bytetrack,113,851.9,182.5,772.0,145.5,159.7,73.9,0.533,1,1
938,39.0833,bytetrack,113,838.1,188.7,761.4,151.4,153.3,74.6,0.526,1,1
939,39.1250,bytetrack,114,825.2,194.7,739.3,156.3,171.8,76.8,0.500,1,1
940,39.1667,bytetrack,115,812.9,201.4,729.8,161.4,166.3,79.9,0.427,1,1
941,39.2083,bytetrack,115,801.5,207.7,714.4,169.9,174.2,75.6,0.533,1,1
942,39.2500,bytetrack,115,790.5,214.0,705.4,176.7,170.1,74.5,0.475,1,1
943,39.2917,bytetrack,115,780.0,220.2,691.8,182.2,176.5,76.0,0.511,1,1
944,39.3333,bytetrack,115,769.9,226.2,685.3,188.0,169.2,76.5,0.368,1,1
945,39.3750,bytetrack,116,760.7,232.5,678.2,187.2,164.9,90.6,0.338,1,1
946,39.4167,bytetrack,116,752.2,238.4,661.3,193.9,181.9,89.1,0.384,1,1
947,39.4583,bytetrack,116,744.1,244.1,650.4,202.1,187.4,83.9,0.403,1,1
948,39.5000,bytetrack,116,736.7,249.6,642.5,208.4,188.3,82.4,0.443,1,1
949,39.5417,bytetrack,116,729.6,254.9,637.8,213.7,183.6,82.4,0.457,1,1
950,39.5833,bytetrack,116,723.1,260.2,622.6,222.0,200.9,76.4,0.555,1,1
951,39.6250,bytetrack,116,717.0,265.3,616.6,226.8,200.8,77.0,0.560,1,1
952,39.6667,bytetrack,116,710.9,270.2,616.9,227.3,188.0,85.9,0.500,1,1
953,39.7083,bytetrack,116,705.2,275.2,613.4,231.5,183.6,87.4,0.420,1,1
954,39.7500,kalman_hold,116,702.0,277.1,610.2,233.4,183.6,87.4,0.420,0,0
955,39.7917,bytetrack,116,696.9,282.0,603.7,237.8,186.4,88.5,0.370,1,1
956,39.8333,bytetrack,116,692.0,286.7,599.1,242.9,185.9,87.6,0.435,1,1
957,39.8750,bytetrack,116,687.5,291.0,594.3,247.4,186.5,87.2,0.533,1,1
958,39.9167,bytetrack,116,683.3,294.9,588.1,252.5,190.4,84.9,0.563,1,1
959,39.9583,bytetrack,116,679.9,298.4,591.6,258.3,176.6,80.1,0.446,1,1
960,40.0000,bytetrack,116,676.9,301.6,589.4,261.6,175.0,79.9,0.487,1,1
961,40.0417,bytetrack,116,674.3,304.6,580.0,265.3,188.5,78.5,0.499,1,1
962,40.0833,bytetrack,116,672.1,307.3,576.7,271.2,190.7,72.1,0.455,1,1
963,40.1250,bytetrack,117,669.6,309.6,582.3,267.8,174.7,83.5,0.464,1,1
964,40.1667,bytetrack,117,667.9,311.5,569.5,268.3,196.8,86.6,0.513,1,1
965,40.2083,bytetrack,117,666.3,313.4,568.2,271.0,196.1,84.9,0.567,1,1
966,40.2500,bytetrack,117,664.8,315.1,567.6,272.7,194.3,84.8,0.604,1,1
967,40.2917,bytetrack,117,663.4,316.5,565.7,273.4,195.4,86.2,0.587,1,1
968,40.3333,bytetrack,117,662.1,317.8,563.8,273.7,196.6,88.2,0.552,1,1
969,40.3750,bytetrack,117,660.9,318.7,562.7,273.1,196.5,91.4,0.469,1,1
970,40.4167,bytetrack,117,660.1,319.5,558.9,275.3,202.3,88.3,0.557,1,1
971,40.4583,bytetrack,117,659.1,320.0,560.0,276.1,198.1,87.8,0.624,1,1
972,40.5000,bytetrack,117,658.3,320.4,559.0,277.0,198.6,86.9,0.658,1,1
973,40.5417,bytetrack,117,657.6,320.7,557.4,277.8,200.4,86.0,0.641,1,1
974,40.5833,bytetrack,117,657.2,321.0,554.1,277.0,206.2,87.9,0.638,1,1
975,40.6250,bytetrack,117,656.9,321.2,554.8,277.2,204.1,88.1,0.623,1,1
976,40.6667,bytetrack,117,656.7,321.2,554.1,278.7,205.2,85.0,0.597,1,1
977,40.7083,bytetrack,117,656.6,321.2,554.6,279.2,204.0,84.0,0.661,1,1
978,40.7500,bytetrack,117,656.7,321.0,554.1,280.4,205.2,81.3,0.687,1,1
979,40.7917,bytetrack,117,656.9,320.7,553.8,280.8,206.3,79.7,0.712,1,1
980,40.8333,bytetrack,117,657.0,320.3,555.0,279.6,204.1,81.5,0.708,1,1
981,40.8750,bytetrack,117,657.2,320.0,554.7,278.3,205.0,83.3,0.692,1,1
982,40.9167,bytetrack,117,657.5,319.6,555.2,277.0,204.5,85.2,0.668,1,1
983,40.9583,bytetrack,117,658.0,319.0,548.0,274.9,220.1,88.3,0.687,1,1
984,41.0000,bytetrack,117,658.2,318.5,554.5,274.8,207.4,87.4,0.650,1,1
985,41.0417,bytetrack,117,657.9,318.0,552.3,273.2,211.1,89.7,0.651,1,1
986,41.0833,bytetrack,117,657.4,317.5,549.2,271.1,216.5,92.8,0.692,1,1
987,41.1250,bytetrack,117,656.8,316.9,547.6,268.3,218.3,97.2,0.680,1,1
